1,Conrad family home. Baldwin& Maryland. Steinway piano.,1,12/25/1976,1,22:45:00,sM0jmt8jkKU,Steinway piano,Conrad family home,who
2,Conrad family home. Baldwin& Maryland. Steinway piano.,2,12/25/1976,2,31:27:00,K7Gd0jfQ2j4,Steinway piano,Conrad family home,who
604,Conrad family home. Baldwin& Maryland. Steinway piano.,3,12/25/1976,3,8:35:00,zy3AI9pC1S4,Steinway piano,Conrad family home,who
3,With Dan.,4,1/8/1977,1,16:31:00,Vod-ItQvPss,piano,where,Dan
4,With Dan.,5,1/8/1977,2,13:28:00,JQxBKu5tx6o,piano,where,Dan
5,With Dan.,6,1/8/1977,3,30:04:00,xaLPcILlLZM,piano,where,Dan
6,David's piano.,7,1977-01-25& 1977-01-26,1,19:48:00,039tqamk2R4,David's piano,where,who
7,David's piano.,8,1977-01-25& 1977-01-26,2,21:54:00,dplx1F-pEnc,David's piano,where,who
8,David's piano.,9,1977-01-25& 1977-01-26,3,4:18:00,et5b_7BBFI4,David's piano,where,who
9,David's piano.,10,1977-01-25& 1977-01-26,4,6:46:00,4pqMp1SWozQ,David's piano,where,who
10,David's piano.,11,1977-01-25& 1977-01-26,5,5:01:00,L353RPKS8ZE,David's piano,where,who
14,Anne's house. Newton& Massachusetts.,12,1977-05-05& 1977-05-06,1,11:55:00,Ee_72hOPWs4,piano,Anne's house in Newton Mass.,who
15,Anne's house. Newton& Massachusetts.,13,1977-05-05& 1977-05-06,2,11:49:00,e8rmmgm-ODw,piano,Anne's house in Newton Mass.,who
16,Anne's house. Newton& Massachusetts.,14,1977-05-05& 1977-05-06,3,15:14:00,t4_6FJagQik,piano,Anne's house in Newton Mass.,who
17,Anne's house. Newton& Massachusetts.,15,1977-05-05& 1977-05-06,4,4:11:00,aL5R426LFWo,piano,Anne's house in Newton Mass.,who
11,Anne's house. Newton& Massachusetts.,16,5/7/1977,1,10:00:00,Pkd5oW9IrD8,piano,Anne's house in Newton Mass.,who
12,Anne's house. Newton& Massachusetts.,17,5/7/1977,2,1:52:00,QDmCiEC4UXc,piano,Anne's house in Newton Mass.,who
13,Anne's house. Newton& Massachusetts.,18,5/7/1977,3,34:10:00,yp-VNwjDlLI,piano,Anne's house in Newton Mass.,who
18,Anne's house. Newton& Massachusetts.,19,5/7/1977,4,4:01:00,1rJCX20GdZM,piano,Anne's house in Newton Mass.,who
19,Anne's house. Newton& Massachusetts.,20,5/7/1977,5,41:29:00,lUf_ohQk3RY,piano,Anne's house in Newton Mass.,who
20,Anne's house. Newton& Massachusetts.,21,5/7/1977,6,45:47:00,1H15bHlOneg,piano,Anne's house in Newton Mass.,who
23,,22,5/23/1977,,45:03:00,k9R2QpMV7P4,piano,where,who
21,,23,5/24/1977,1,25:07:00,cPCgGo8nVpw,piano,where,who
22,,24,5/24/1977,2,19:54:00,ehqgv81We3Q,piano,where,who
24,,25,5/25/1977,1,45:37:00,r6Svl-YhP-0,piano,where,who
25,,26,5/25/1977,2,22:58:00,-FPmSFuRL1E,piano,where,who
26,,27,5/25/1977,3,22:39:00,wqH1ovveMoQ,piano,where,who
28,,28,5/26/1977,1,20:58:00,-qUssiENyo0,piano,where,who
29,,29,5/26/1977,2,23:40:00,m1NAEgtar98,piano,where,who
30,,30,5/26/1977,3,7:48:00,qlPo5rQNHOw,piano,where,who
27,,31,5/29/1977,1,37:21:00,XV-wCMtJjEg,piano,where,who
35,,32,5/29/1977,2,5:37:00,RSHIloI3d20,piano,where,who
33,,33,6/1/1977,1,39:57:00,-shDtYvKwXE,piano,where,who
34,,34,6/1/1977,2,22:53:00,jaipF_B9xWE,piano,where,who
36,,35,6/2/1977,1,10:32:00,SviNmbRZHrw,piano,where,who
37,,36,6/2/1977,2,14:47:00,Ml7VwMNW1Is,piano,where,who
31,,37,6/2/1977,3,1:25:00,5IsG2nAing8,piano,where,who
32,,38,6/2/1977,4,20:55:00,NdsB0FOQLsY,piano,where,who
38,,39,6/3/1977,1,20:33:00,rM84YprF968,piano,where,who
39,,40,6/3/1977,2,24:03:00,MN8PFXzXWCw,piano,where,who
40,,41,6/3/1977,3,21:54:00,orIfoGkRpR8,piano,where,who
42,,42,6/6/1977,1,10:43:00,rRE8dYEFtCI,piano,where,who
43,,43,6/6/1977,2,29:42:00,CifSrl-Y2C8,piano,where,who
605,,44,6/6/1977,3,11:42:00,KuRCcy6u-Ao,piano,where,who
606,,45,6/6/1977,4,19:51:00,1sYkRt8MOqM,piano,where,who
607,,46,6/6/1977,5,3:04:00,XpSvHOOLWQk,piano,where,who
608,,47,6/6/1977,6,15:28:00,oW5U5pQrM4M,piano,where,who
44,,48,6/7/1977,1,5:36:00,d4X0kRsj6IE,piano,where,who
45,,49,6/7/1977,2,19:28:00,JraaMLSHifs,piano,where,who
46,,50,6/7/1977,3,30:52:00,mNpfdYS81-c,piano,where,who
609,,51,6/7/1977,4,5:32:00,8VzMjjjC_7o,piano,where,who
47,,52,6/8/1977,1,33:24:00,PbOsg1nn7Lg,piano,where,who
48,,53,6/8/1977,2,8:58:00,zhqSr-qf-dk,piano,where,who
49,,54,6/8/1977,3,3:18:00,UQh7B34_K60,piano,where,who
51,,55,6/9/1977,,18:15:00,ZhCmjzlKGb0,piano,where,who
50,,56,6/10/1977,1,23:08:00,Px_etSq9rEA,piano,where,who
52,,57,6/10/1977,2,34:29:00,4qwNrhjPodQ,piano,where,who
53,,58,6/10/1977,3,7:50:00,qEcHQrbqqws,piano,where,who
54,,59,6/10/1977,4,25:18:00,_R8eVpXjF7g,piano,where,who
55,,60,6/10/1977,5,20:25:00,CMHIX5fEu2w,piano,where,who
58,Anne's house. Newton& Massachusetts.,61,6/17/1977,1,3:53:00,9pFX_EC9VRs,piano,Anne's house in Newton Mass.,who
59,Anne's house. Newton& Massachusetts.,62,6/17/1977,2,9:52:00,PXJ6TqEp11Y,piano,Anne's house in Newton Mass.,who
60,Anne's house. Newton& Massachusetts.,63,6/17/1977,3,11:08:00,J3IL8TbBPiA,piano,Anne's house in Newton Mass.,who
61,Anne's house. Newton& Massachusetts.,64,6/17/1977,4,6:52:00,BaCPV26g_WE,piano,Anne's house in Newton Mass.,who
62,Anne's house. Newton& Massachusetts.,65,6/17/1977,5,12:27:00,JwXbltSltUE,piano,Anne's house in Newton Mass.,who
56,Anne's house. Newton& Massachusetts.,66,6/18/1977,1,12:04:00,1Y3Em6RiZEw,piano,Anne's house in Newton Mass.,who
57,Anne's house. Newton& Massachusetts.,67,6/18/1977,2,32:06:00,TJm6qQE5-6k,piano,Anne's house in Newton Mass.,who
63,Conrad family home. Baldwin& Maryland. Steinway piano.,68,1977-08-22& 1977-08-23,1,9:52:00,J83SEjRAhEM,Steinway piano,Conrad family home,who
64,Conrad family home. Baldwin& Maryland. Steinway piano.,69,1977-08-22& 1977-08-23,2,8:41:00,T6Wkyxb89J0,Steinway piano,Conrad family home,who
65,Conrad family home. Baldwin& Maryland. Steinway piano.,70,1977-08-22& 1977-08-23,3,2:43:00,39FZjKKsejo,Steinway piano,Conrad family home,who
66,Conrad family home. Baldwin& Maryland. Steinway piano.,71,1977-08-22& 1977-08-23,4,9:45:00,w41KQMlTiJY,Steinway piano,Conrad family home,who
67,Conrad family home. Baldwin& Maryland. Steinway piano.,72,1977-08-22& 1977-08-23,5,9:58:00,RB8-0aDQ66Y,Steinway piano,Conrad family home,who
68,Conrad family home. Baldwin& Maryland. Steinway piano.,73,1977-08-22& 1977-08-23,6,21:14:00,VyUZRy4JJOc,Steinway piano,Conrad family home,who
69,Conrad family home. Baldwin& Maryland. Steinway piano.,74,8/25/1977,1,12:40:00,8GEfMUuf4mY,Steinway piano,Conrad family home,who
70,Conrad family home. Baldwin& Maryland. Steinway piano.,75,8/25/1977,2,30:56:00,kYJn1Df1anU,Steinway piano,Conrad family home,who
71,Conrad family home. Baldwin& Maryland. Steinway piano.,76,8/25/1977,3,4:01:00,dZts5ESRbBI,Steinway piano,Conrad family home,who
610,Conrad family home. Baldwin& Maryland. Steinway piano.,77,8/25/1977,4,16:44:00,X8VgJ6_o9SQ,Steinway piano,Conrad family home,who
611,Conrad family home. Baldwin& Maryland. Steinway piano.,78,8/25/1977,5,1:37:00,e4Ieazkhx6I,Steinway piano,Conrad family home,who
72,Conrad family home. Baldwin& Maryland. Steinway piano.,79,8/26/1977,1,30:07:00,t96dBw5POWs,Steinway piano,Conrad family home,who
73,Conrad family home. Baldwin& Maryland. Steinway piano.,80,8/26/1977,2,10:04:00,p-4Jd0G3JUM,Steinway piano,Conrad family home,who
612,,81,8/26/1977,3,4:07:00,15kCKRM6xPU,piano,where,who
613,,82,8/26/1977,4,2:24:00,U5zVY6HA_W4,piano,where,who
614,,83,8/26/1977,5,5:38:00,6PSJa0Z8km4,piano,where,who
74,Conrad family home. Baldwin& Maryland. Steinway piano.,84,9/17/1977,1,15:26:00,kW0QSseS3mg,Steinway piano,Conrad family home,who
75,Conrad family home. Baldwin& Maryland. Steinway piano.,85,9/17/1977,2,15:37:00,3YkJxLppliY,Steinway piano,Conrad family home,who
76,Conrad family home. Baldwin& Maryland. Steinway piano.,86,9/17/1977,3,8:49:00,gXPDL8zbx1M,Steinway piano,Conrad family home,who
77,Conrad family home. Baldwin& Maryland. Steinway piano.,87,9/17/1977,4,22:16:00,aq1krLqOMZE,Steinway piano,Conrad family home,who
78,Conrad family home. Baldwin& Maryland. Steinway piano.,88,9/18/1977,1,31:10:00,shr1ji6r7LM,Steinway piano,Conrad family home,who
79,Conrad family home. Baldwin& Maryland. Steinway piano.,89,9/18/1977,2,3:05:00,Xj4yUEh6WkU,Steinway piano,Conrad family home,who
80,Conrad family home. Baldwin& Maryland. Steinway piano.,90,9/18/1977,3,5:17:00,jh3VmFkepws,Steinway piano,Conrad family home,who
81,Conrad family home. Baldwin& Maryland. Steinway piano.,91,9/18/1977,4,4:30:00,LFeA3h5KL_c,Steinway piano,Conrad family home,who
82,Conrad family home. Baldwin& Maryland. Steinway piano.,92,9/18/1977,5,9:03:00,iHhsGhDBhV4,Steinway piano,Conrad family home,who
83,Conrad family home. Baldwin& Maryland. Steinway piano.,93,9/18/1977,6,3:01:00,j-E1-favxGA,Steinway piano,Conrad family home,who
84,Conrad family home. Baldwin& Maryland. Steinway piano.,94,9/18/1977,7,18:58:00,4w9AEmyWBVU,Steinway piano,Conrad family home,who
615,Conrad family home. Baldwin& Maryland. Steinway piano.,95,9/18/1977,8,5:54:00,pMh2PVh8NbI,Steinway piano,Conrad family home,who
85,Conrad family home. Baldwin& Maryland. Steinway piano.,96,9/18/1977,9,8:00:00,JpT3cukh-Dk,Steinway piano,Conrad family home,who
86,Conrad family home. Baldwin& Maryland. Steinway piano.,97,9/18/1977,10,4:09:00,REOKeEs8Q1U,Steinway piano,Conrad family home,who
87,Conrad family home. Baldwin& Maryland. Steinway piano.,98,9/18/1977,11,17:08:00,VWhwvqf10OQ,Steinway piano,Conrad family home,who
88,Conrad family home. Baldwin& Maryland. Steinway piano.,99,9/18/1977,12,4:56:00,sgGXC2qj6Mg,Steinway piano,Conrad family home,who
89,Conrad family home. Baldwin& Maryland. Steinway piano.,100,9/18/1977,13,4:58:00,aG_9HxFBNik,Steinway piano,Conrad family home,who
90,Conrad family home. Baldwin& Maryland. Steinway piano.,101,9/18/1977,14,2:17:00,7kDrFK54krw,Steinway piano,Conrad family home,who
91,Conrad family home. Baldwin& Maryland. Steinway piano.,102,9/18/1977,15,12:44:00,kiXkgOR2ATo,Steinway piano,Conrad family home,who
92,Conrad family home. Baldwin& Maryland. Steinway piano.,103,9/18/1977,16,32:36:00,3NgkOT7559s,Steinway piano,Conrad family home,who
93,Conrad family home. Baldwin& Maryland. Steinway piano.,104,9/18/1977,17,10:19:00,-07pjliIrw8,Steinway piano,Conrad family home,who
95,Conrad family home. Baldwin& Maryland. Steinway piano.,105,9/19/1977,1,4:15:00,rmwNtLq8g4o,Steinway piano,Conrad family home,who
96,Conrad family home. Baldwin& Maryland. Steinway piano.,106,9/19/1977,2,2:07:00,jfZM2RQ00K8,Steinway piano,Conrad family home,who
98,University at Buffalo& New York. Weber piano.,107,9/20/1977,1,11:34:00,vY43z8F3Kx4,Weber piano,U. Buffalo,who
99,University at Buffalo& New York. Weber piano.,108,9/20/1977,2,31:13:00,nqYZVWBqOHU,Weber piano,U. Buffalo,who
619,,109,9/20/1977,3,19:35:00,yPq-26MhFqQ,piano,where,who
100,,110,9/29/1977,1,30:32:00,vcRplnQnEqQ,piano,where,who
101,,111,9/29/1977,2,19:28:00,_xNblUxQJIk,piano,where,who
102,,112,9/29/1977,3,11:03:00,5r86mN3ohLY,piano,where,who
103,University at Buffalo& New York. Weber piano.,113,9/30/1977,1,21:44:00,l1HOQxN2mTk,Weber piano,U. Buffalo,who
108,University at Buffalo& New York. Weber piano.,114,9/30/1977,2,20:23:00,aYmNvEPPuYs,Weber piano,U. Buffalo,who
109,University at Buffalo& New York. Weber piano.,115,9/30/1977,3,24:06:00,JfmLLlgseRE,Weber piano,U. Buffalo,who
110,University at Buffalo& New York. Weber piano.,116,9/30/1977,4,1:28:00,2uoJo97uVLM,Weber piano,U. Buffalo,who
104,Conrad family home. Baldwin& Maryland. Steinway piano.,117,10/4/1977,1,9:28:00,MjOkXlFIzbU,Steinway piano,Conrad family home,who
105,Conrad family home. Baldwin& Maryland. Steinway piano.,118,10/4/1977,2,29:03:00,n6RDyrJUl04,Steinway piano,Conrad family home,who
106,Conrad family home. Baldwin& Maryland. Steinway piano.,119,10/4/1977,3,2:09:00,ebk3jTXYw0M,Steinway piano,Conrad family home,who
94,Conrad family home. Baldwin& Maryland. Steinway piano.,120,10/4/1977,4,34:25:00,VguLRcEM-5A,Steinway piano,Conrad family home,who
107,,121,10/7/1977,,11:40:00,9VqCzYzYqVw,piano,where,who
114,Whiteman Street. Yellow Springs& Ohio.,122,10/9/1977,1,2:14:00,2A4ChbhifFI,piano,Whiteman Street&Yellow Springs& Ohio, who
115,Whiteman Street. Yellow Springs& Ohio.,123,10/9/1977,2,11:16:00,L82sVaAlDSc,piano,Whiteman Street&Yellow Springs& Ohio, who
116,Whiteman Street. Yellow Springs& Ohio.,124,10/9/1977,3,2:17:00,h3RqHea_ngc,piano,Whiteman Street&Yellow Springs& Ohio, who
117,Whiteman Street. Yellow Springs& Ohio.,125,10/9/1977,4,27:08:00,MoJtlK3GUMQ,piano,Whiteman Street&Yellow Springs& Ohio, who
97,,126,10/11/1977,1,2:14:00,iZx09EkHB24,piano,where,who
616,,127,10/11/1977,2,16:30:00,oGHdNU1Re2M,piano,where,who
617,,128,10/11/1977,3,4:48:00,kKCZw40tI98,piano,where,who
618,,129,10/11/1977,4,7:36:00,2kLKznWiKTI,piano,where,who
122,University at Buffalo& New York. Weber piano.,130,10/13/1977,,46:02:00,oLmpz0mrouw,Weber piano,U. Buffalo,who
123,University at Buffalo& New York. Weber piano.,131,10/14/1977,1,45:58:00,bWbj2E9b0J4,Weber piano,U. Buffalo,who
118,University at Buffalo& New York. Weber piano.,132,10/14/1977,2,33:56:00,MqXwTS7XkCY,Weber piano,U. Buffalo,who
119,University at Buffalo& New York. Weber piano.,133,10/14/1977,3,4:34:00,nCZCPl4AJn0,Weber piano,U. Buffalo,who
120,University at Buffalo& New York. Weber piano.,134,10/14/1977,4,3:15:00,vcM_jxYhqRU,Weber piano,U. Buffalo,who
121,University at Buffalo& New York. Weber piano.,135,10/14/1977,5,3:17:00,tWgQHIM1WNI,Weber piano,U. Buffalo,who
124,University at Buffalo& New York. Weber piano.,136,10/15/1977,1,30:34:00,LwgoSlu-2WE,Weber piano,U. Buffalo,who
125,University at Buffalo& New York. Weber piano.,137,10/15/1977,2,9:36:00,-zbdaoBuCuc,Weber piano,U. Buffalo,who
126,University at Buffalo& New York. Weber piano (Heintzman). With Polidori.,138,10/20/1977,1,12:54:00,lvstwpHEQt0,Weber piano,U. Buffalo,who
600,University at Buffalo& New York. Weber piano (Heintzman). With Polidori.,139,10/20/1977,2,15:58:00,X9WXpqBeJp8,Weber piano,U. Buffalo,who
127,University at Buffalo& New York. Weber piano (Heintzman). With Polidori.,140,10/20/1977,3,29:25:00,yBgNnxoJAr0,Weber piano,U. Buffalo,who
128,University at Buffalo& New York. Weber piano (Heintzman). With Polidori.,141,10/20/1977,4,13:02:00,1q6tgI8nOf8,Weber piano,U. Buffalo,who
129,University at Buffalo& New York. Weber piano (Heintzman). With Polidori.,142,10/20/1977,5,17:51:00,PQ1Bu3yYo-A,Weber piano,U. Buffalo,who
130,University at Buffalo& New York. Weber piano (Heintzman). With Polidori.,143,10/20/1977,6,26:01:00,agylMadqbVk,Weber piano,U. Buffalo,who
131,University at Buffalo& New York. Weber piano (Heintzman). With Polidori.,144,10/20/1977,7,4:27:00,ok-P8cPF7Hg,Weber piano,U. Buffalo,who
132,University at Buffalo& New York. Weber piano.,145,10/21/1977,1,30:37:00,v6ieJzqdrRw,Weber piano,U. Buffalo,who
133,University at Buffalo& New York. Weber piano.,146,10/21/1977,2,30:37:00,MZ7JtHv7etg,Weber piano,U. Buffalo,who
135,University at Buffalo& New York. Weber piano.,147,10/21/1977,3,30:00:00,6MOE9vrRK_I,Weber piano,U. Buffalo,who
113,,148,10/26/1977,,30:00:00,Aq3w73Jqs_I,piano,where,who
41,,149,10/28/1977,,29:48:00,iSJM89z6PL0,piano,where,who
136,,150,10/29/1977,,30:01:00,QTBPmjSt3k4,piano,where,who
138,,151,10/31/1977,1,45:46:00,pQygJWML6A8,piano,where,who
139,,152,10/31/1977,2,45:37:00,iZbcVCBPLZM,piano,where,who
137,,153,10/31/1977,3,30:03:00,JUawX61_afQ,piano,where,who
111,,154,1977-10-Unknown,1,19:05:00,_QpjeIFEP2g,piano,where,who
112,,155,1977-10-Unknown,2,10:39:00,CLlwtAqV_Vk,piano,where,who
141,,156,11/1/1977,,24:41:00,-132lV04leI,piano,where,who
143,,157,11/2/1977,1,19:58:00,wlh5Q1x39cU,piano,where,who
144,,158,11/2/1977,2,10:54:00,zK6zMJ667Po,piano,where,who
142,,159,11/3/1977,,30:46:00,89nqX6Nq8oM,piano,where,who
147,Anne's house. Newton& Massachusetts.,160,11/6/1977,1,16:10:00,pE5zY98Lsqo,piano,Anne's house in Newton Mass.,who
148,Anne's house. Newton& Massachusetts.,161,11/6/1977,2,10:04:00,F1tYy5ZheT0,piano,Anne's house in Newton Mass.,who
150,,162,11/10/1977,,30:52:00,XcUB1GiBKqs,piano,where,who
149,,163,11/13/1977,,25:17:00,CERPPWkARbc,piano,where,who
620,,164,11/13/1977,,5:10:00,ElYXWzlp6-Q,piano,where,who
151,,165,11/14/1977,,45:47:00,2zq21iLY1YQ,piano,where,who
145,,166,11/15/1977,1,9:26:00,xpJoANIrkPY,piano,where,who
146,,167,11/15/1977,2,18:24:00,ObA1mpXVWhs,piano,where,who
156,,168,11/15/1977,3,21:16:00,voRg8pZNb8U,piano,where,who
152,,169,11/16/1977,1,45:20:00,yVmOre7KAfg,piano,where,who
157,,170,11/16/1977,2,6:27:00,aDcSMsWw43E,piano,where,who
158,,171,11/16/1977,3,0:18:00,ChGFdudy1Hg,piano,where,who
160,,172,11/16/1977,4,45:03:00,VI8X-GJfTDk,piano,where,who
134,,173,11/20/1977,,9:41:00,wWWJMQDomoQ,piano,where,who
159,,174,11/23/1977,1,45:35:00,d5dDi0qLauA,piano,where,who
140,,175,11/23/1977,2,24:33:00,F6W5uKAt4HY,piano,where,who
162,,176,11/28/1977,,31:30:00,yvhE4mYpEnA,piano,where,who
161,,177,11/29/1977,,31:23:00,OUPGbOLhLhU,piano,where,who
165,,178,11/30/1977,,31:13:00,5sgx0BOgE8I,piano,where,who
163,,179,12/3/1977,,25:44:00,h4DMGhXLjLU,piano,where,who
164,,180,12/5/1977,1,5:29:00,sbwSLiR7w9o,piano,where,who
166,,181,12/5/1977,2,30:41:00,g6Nixn3FVok,piano,where,who
167,,182,12/6/1977,,30:57:00,Jnn2BKd17Lc,piano,where,who
168,,183,12/7/1977,1,30:49:00,laIoPD0N0Mc,piano,where,who
170,,184,12/7/1977,2,13:54:00,eTqktIJ97AU,piano,where,who
169,,185,12/7/1977,3,2:54:00,OlzSvugEc3g,piano,where,who
172,,186,12/12/1977,,30:51:00,0TKg9WZcaXI,piano,where,who
175,,187,12/16/1977,,30:23:00,3SXtb3Ugnbs,piano,where,who
173,The Kitchen. New York& New York.,188,12/18/1977,1,1:31:00,Oq8_Li8LpPs,piano,The Kitchen& New York&NY,who
176,The Kitchen. New York& New York.,189,12/18/1977,2,31:14:00,JiTHJ078dPo,piano,The Kitchen& New York&NY,who
177,The Kitchen. New York& New York.,190,12/18/1977,3,11:08:00,Jb73lRhxuAk,piano,The Kitchen& New York&NY,who
174,The Kitchen. New York& New York.,191,12/18/1977,4,3:57:00,6AMcBJSg4n4,piano,The Kitchen& New York&NY,who
178,,192,12/26/1977,,30:24:00,iZqXhKz0AJc,piano,where,who
179,,193,12/27/1977,1,30:37:00,iHW3TQaQaUA,piano,where,who
180,,194,12/27/1977,2,30:31:00,sMkmhmBgEeI,piano,where,who
182,,195,1977-12-27& 1977-12-28,1,28:39:00,OhAtrjNLg70,piano,where,who
621,,196,1977-12-27& 1977-12-28,2,16:49:00,h9rsimo-mnk,piano,where,who
181,,197,12/28/1977,,45:32:00,uuuP9wuY0zk,piano,where,who
186,The Kitchen. New York& New York.,198,12/29/1977,1,7:58:00,SK5HSFOtMNM,piano,The Kitchen& New York&NY,who
185,The Kitchen. New York& New York.,199,12/29/1977,2,20:45:00,7m2a4RtfwAU,piano,The Kitchen& New York&NY,who
184,The Kitchen. New York& New York.,200,12/29/1977,3,10:06:00,YzdaLIWAlHE,piano,The Kitchen& New York&NY,who
183,The Kitchen. New York& New York.,201,12/29/1977,4,4:18:00,NGfjSQsbQ50,piano,The Kitchen& New York&NY,who
188,Tiding Over'. The Kitchen. New York& New York.,202,12/29/1977,5,4:40:00,5RqPtWvWiEg,piano,The Kitchen& New York&NY,who
189,Tiding Over'. The Kitchen. New York& New York.,203,12/29/1977,6,4:54:00,KTeZx4nV26Q,piano,The Kitchen& New York&NY,who
187,Tiding Over'. The Kitchen. New York& New York.,204,12/29/1977,7,25:54:00,gbSXxZ0FEFo,piano,The Kitchen& New York&NY,who
622,Tiding Over'. The Kitchen. New York& New York.,205,12/29/1977,8,24:55:00,wFCc7q8eYYc,piano,The Kitchen& New York&NY,who
190,The Kitchen. New York& New York.,206,12/30/1977,1,31:07:00,FEI8Smyuoyw,piano,The Kitchen& New York&NY,who
191,The Kitchen. New York& New York.,207,12/30/1977,2,20:06:00,Z3nBWRhhO18,piano,The Kitchen& New York&NY,who
192,Tiding Over'. The Kitchen. New York& New York.,208,12/30/1977,3,31:10:00,TivD1t1uKVM,piano,The Kitchen& New York&NY,who
193,Tiding Over'. The Kitchen. New York& New York.,209,12/30/1977,4,21:59:00,TzKgLHfm8ec,piano,The Kitchen& New York&NY,who
195,Anne's house. Newton& Massachusetts.,210,1/1/1978,1,30:54:00,Su-iMSrq-YU,piano,Anne's house in Newton Mass.,who
196,Anne's house. Newton& Massachusetts.,211,1/1/1978,2,1:26:00,g4GZ2l9iolE,piano,Anne's house in Newton Mass.,who
194,Anne's house. Newton& Massachusetts.,212,1/1/1978,3,6:01:00,iAwwvf-52Ag,piano,Anne's house in Newton Mass.,who
197,Anne's house. Newton& Massachusetts.,213,1/1/1978,4,31:02:00,XyBJUU0H3e8,piano,Anne's house in Newton Mass.,who
198,Anne's house. Newton& Massachusetts.,214,1/1/1978,5,5:59:00,AqQnDfFUyKY,piano,Anne's house in Newton Mass.,who
199,,215,1/2/1978,,18:00:00,uCF6_J_lPS4,piano,where,who
171,,216,1/13/1978,,30:41:00,RKQHNq4s2ZQ,piano,where,who
200,,217,1/19/1978,,28:06:00,F6AeE_-cc0g,piano,where,who
204,,218,1/20/1978,,30:55:00,MzvqPJ808Tc,piano,where,who
205,,219,1/21/1978,,30:53:00,E7PNUfBu9kQ,piano,where,who
206,,220,1/22/1978,1,30:36:00,4YwUi54inG0,piano,where,who
207,,221,1/22/1978,2,30:39:00,mtY9iyuwxyA,piano,where,who
208,,222,1/23/1978,1,24:30:00,SOo6SKCk22Q,piano,where,who
209,,223,1/23/1978,2,31:06:00,Ywbmu2ivIVM,piano,where,who
623,,224,1/23/1978,3,5:03:00,dwumWMSSya4,piano,where,who
210,,225,1/24/1978,1,25:02:00,UdTOUZAzRC4,piano,where,who
601,,226,1/24/1978,2,5:23:00,QOdoFBm2ax4,piano,where,who
211,,227,1/24/1978,3,30:38:00,gjxSFUTJeBw,piano,where,who
201,,228,1978-01-Unknown,1,10:18:00,xOaC7vL8-Qg,piano,where,who
202,,229,1978-01-Unknown,2,10:58:00,gTPXm-qMNAs,piano,where,who
203,,230,1978-01-Unknown,3,6:37:00,m_Me8TmJYro,piano,where,who
213,,231,2/6/1978,1,26:49:00,oO8rk4nb37I,piano,where,who
212,,232,2/6/1978,2,3:36:00,lJnmW0QiROs,piano,where,who
624,,233,2/6/1978,3,3:43:00,YI22k8S6Tc0,piano,where,who
214,Pacific Film Archive. Berkeley& California.,234,3/2/1978,,25:40:00,hvXUnW34jT0,piano,where,who
216,Conrad family home. Baldwin& Maryland. Steinway piano.,235,3/18/1978,1,26:49:00,xSekx6qTQ-8,piano,where,who
217,Conrad family home. Baldwin& Maryland. Steinway piano.,236,3/18/1978,2,3:53:00,DRgsPK9pclM,piano,where,who
215,Conrad family home. Baldwin& Maryland. Steinway piano.,237,3/18/1978,3,30:55:00,ICY30yWStOo,piano,where,who
218,Conrad family home. Baldwin& Maryland. Steinway piano. With Dan.,238,3/18/1978,4,22:23:00,Vv_RRTNusKk,piano,where,who
219,Conrad family home. Baldwin& Maryland. Steinway piano. With Dan.,239,3/18/1978,5,5:18:00,-xvbJPeq6Tg,piano,where,who
220,Conrad family home. Baldwin& Maryland. Steinway piano. With Dan.,240,3/18/1978,6,3:05:00,5TBVBBzIOEk,piano,where,who
221,Conrad family home. Baldwin& Maryland. Steinway piano.,241,3/19/1978,1,30:59:00,zTGIe_iGWq8,piano,where,who
222,Conrad family home. Baldwin& Maryland. Steinway piano. With Dan.,242,3/19/1978,2,30:08:00,s670SIxjVfc,piano,where,who
223,Conrad family home. Baldwin& Maryland. Steinway piano. With Dan.,243,3/19/1978,3,30:11:00,7hewp4k7zyU,piano,where,who
225,Conrad family home. Baldwin& Maryland. Steinway piano.,244,3/19/1978,4,16:06:00,SfQi-7vU-10,piano,where,who
226,Conrad family home. Baldwin& Maryland. Steinway piano.,245,3/19/1978,5,13:38:00,Cqp5-Y7jZrc,piano,where,who
224,Conrad family home. Baldwin& Maryland. Steinway piano.,246,3/20/1978,,13:58:00,dgZ8WvUoOsU,piano,where,who
227,Anne's house. Newton& Massachusetts.,247,3/25/1978,1,12:44:00,yBcr8amyQsA,piano,Anne's house in Newton Mass.,who
228,Anne's house. Newton& Massachusetts.,248,3/25/1978,2,2:27:00,ky5xei9x3wk,piano,Anne's house in Newton Mass.,who
229,Anne's house. Newton& Massachusetts.,249,3/25/1978,3,12:27:00,Yj79W3sMV5k,piano,Anne's house in Newton Mass.,who
230,Anne's house. Newton& Massachusetts.,250,3/25/1978,4,15:11:00,SJgznjMUXrU,piano,Anne's house in Newton Mass.,who
231,,251,4/26/1978,,40:59:00,mqShtLHZboY,piano,where,who
233,,252,6/25/1978,1,30:45:00,jwCBD4rtta8,piano,where,who
234,,253,6/25/1978,2,30:33:00,IW2kH7tY11U,piano,where,who
237,,254,6/27/1978,,30:44:00,IrBfjpFeyyM,piano,where,who
235,,255,6/28/1978,1,13:50:00,_d3Vgqz1F1M,piano,where,who
236,,256,6/28/1978,2,16:34:00,vdHCXZrweYs,piano,where,who
238,,257,6/29/1978,1,46:09:00,W74V_9Vi6wg,piano,where,who
239,,258,6/29/1978,2,46:14:00,f3Z24HWD8Ss,piano,where,who
241,,259,6/29/1978,3,46:17:00,-naCw8sPC4g,piano,where,who
240,,260,7/3/1978,1,46:18:00,prSNIpAqyoA,piano,where,who
242,,261,7/3/1978,2,30:43:00,85Cli5CoBS0,piano,where,who
243,,262,7/3/1978,3,30:46:00,p9U1UBm2ufk,piano,where,who
244,,263,7/4/1978,1,28:16:00,K1wAJftgch4,piano,where,who
625,,264,7/4/1978,2,3:59:00,jT_xL5EKsrU,piano,where,who
626,,265,7/4/1978,3,7:12:00,VHMvw2SqroI,piano,where,who
627,,266,7/4/1978,4,4:11:00,oXOyae4bNRM,piano,where,who
246,,267,7/6/1978,1,30:35:00,16YXBV51W0Y,piano,where,who
247,,268,7/6/1978,2,9:58:00,a1uTEBQOmxA,piano,where,who
248,,269,7/6/1978,3,19:44:00,gcmWA4puttI,piano,where,who
245,,270,7/9/1978,,46:18:00,p2aEZi4Dpzo,piano,where,who
249,,271,7/11/1978,1,30:02:00,DR9yYAb2o2E,piano,where,who
250,,272,7/11/1978,2,30:42:00,wD6iRAvxvl4,piano,where,who
251,,273,7/11/1978,3,30:35:00,Tu299m30F00,piano,where,who
252,,274,7/11/1978,4,30:36:00,rsoXTABUEXQ,piano,where,who
253,,275,7/11/1978,5,30:40:00,ffOljkfDtUA,piano,where,who
254,,276,7/11/1978,6,30:46:00,HeuHR35CJQg,piano,where,who
255,,277,7/12/1978,1,30:45:00,ltUPzS6GxdY,piano,where,who
256,,278,7/12/1978,2,30:49:00,sTA8QDyQsl8,piano,where,who
257,,279,7/19/1978,1,20:25:00,SJUCIn2kUow,piano,where,who
258,,280,7/19/1978,2,30:39:00,OmCxDB0JyJU,piano,where,who
259,,281,7/19/1978,3,30:26:00,UMY5VuqHY9Q,piano,where,who
260,,282,7/24/1978,4,30:40:00,EppRf4dTIAA,piano,where,who
261,,283,7/26/1978,1,30:37:00,rMTF0s0_m-I,piano,where,who
262,,284,7/26/1978,2,30:39:00,KOKzH-gBU2o,piano,where,who
263,,285,7/27/1978,1,46:28:00,0eBUgXVdiHA,piano,where,who
264,,286,7/27/1978,2,29:37:00,Vuwx0yCeP1A,piano,where,who
265,,287,8/2/1978,1,30:41:00,yUU5uxyWLpw,piano,where,who
266,,288,8/3/1978,2,30:45:00,PYaDhB2KLkQ,piano,where,who
269,,289,1978-08-03& 1978-08-04,,24:14:00,ZfqC3jXY0z4,piano,where,who
267,,290,8/4/1978,1,6:37:00,RdJYZHO4bbY,piano,where,who
268,,291,8/4/1978,2,31:18:00,mFtK2aRWJ60,piano,where,who
271,,292,8/8/1978,1,28:35:00,ePEby3GWG-M,piano,where,who
628,,293,8/8/1978,2,1:46:00,qHOAyiVdKKQ,piano,where,who
270,,294,8/10/1978,,30:55:00,LYgMOUwRujg,piano,where,who
274,Yellow Springs& Ohio. Ted's piano.,295,1978-09-04& 1978-09-05,,31:14:00,ED_0M01YtPw,Ted's piano,Yellow Springs& Ohio,who
276,,296,9/20/1978,,12:38:00,MMh06syIhCo,piano,where,who
279,,297,9/22/1978,,31:10:00,--l_r7jtG1E,piano,where,who
280,,298,9/27/1978,,21:09:00,JURXOSMgeHE,piano,where,who
273,,299,1978-09-Unknown,,30:32:00,SvcFjdT3PBA,piano,where,who
281,,300,10/5/1978,,30:27:00,Em4GuFOcjxw,piano,where,who
277,,301,1978-10-13& 1978-10-14,1,18:07:00,K9boqO2Ue8c,piano,where,who
278,,302,1978-10-13& 1978-10-14,2,5:34:00,2nHpuHRowqg,piano,where,who
285,,303,10/24/1978,,28:47:00,j2M-WTls3bI,piano,where,who
287,Unknown public library. Electric piano.,304,10/26/1978,1,30:52:00,KgIDiztR6yc,Electric,Unknown public library,who
288,Unknown public library. Electric piano.,305,10/26/1978,2,30:52:00,4amftUcEjVk,Electric piano,Unknown public library,who
289,,306,10/27/1978,1,30:54:00,yBuq6F_1EAo,piano,where,who
290,,307,10/27/1978,2,30:48:00,KHT-Xs2S_P4,piano,where,who
272,,308,1978-10-Unknown,,27:25:00,t4gjVrSM5_I,piano,where,who
629,,309,1978-10-Unknown,,2:50:00,9Lh8wzCXrEk,piano,where,who
291,,310,11/1/1978,,30:42:00,aBqN9QJXLjs,piano,where,who
292,,311,11/5/1978,1,30:42:00,2ZS5X8k7OLw,piano,where,who
293,,312,11/5/1978,2,46:04:00,DBo7K6Qx4EI,piano,where,who
282,,313,11/6/1978,,30:34:00,5H8IQMJhOis,piano,where,who
294,,314,11/16/1978,1,46:05:00,P4Hg1s-BKj4,piano,where,who
296,,315,11/16/1978,2,4:03:00,u7Bcbz7_hTM,piano,where,who
297,Media Study storefront. University at Buffalo& New York. Weber piano. With Andre and John.,316,11/17/1978,1,27:44:00,APyiV9_uXq4,Weber piano,Media Study storefront& U. Buffalo& New York,Andre and John
298,Media Study storefront. University at Buffalo& New York. Weber piano. With Andre and John.,317,11/17/1978,2,2:42:00,LFiing7cxcs,Weber piano,Media Study storefront& U. Buffalo& New York,Andre and John
299,Conrad family home. Baldwin& Maryland. Steinway piano.,318,11/24/1978,1,12:14:00,IcHGmLCbtO8,Steinway piano,Conrad family home,who
300,Conrad family home. Baldwin& Maryland. Steinway piano.,319,11/24/1978,2,30:38:00,kHp8tIUcsQY,Steinway piano,Conrad family home,who
630,Conrad family home. Baldwin& Maryland. Steinway piano.,320,11/24/1978,3,17:08:00,wbHZUnpyQ24,Steinway piano,Conrad family home,who
301,Hallwalls Contemporary Art Center. Buffalo& New York.,321,1/15/1979,1,2:54:00,mr4y9CID_L4,piano,Hallwalls Contemp. Art Ctr.& Buffalo NY,who
302,Hallwalls Contemporary Art Center. Buffalo& New York.,322,1/15/1979,2,26:23:00,zM9eJ_l-dqw,piano,Hallwalls Contemp. Art Ctr.& Buffalo NY,who
303,Hallwalls Contemporary Art Center. Buffalo& New York.,323,1/15/1979,3,27:19:00,rnK0iOetcms,piano,Hallwalls Contemp. Art Ctr.& Buffalo NY,who
304,Hallwalls Contemporary Art Center. Buffalo& New York.,324,1/16/1979,1,25:08:00,kMB7SLsTmDc,piano,Hallwalls Contemp. Art Ctr.& Buffalo NY,who
305,Hallwalls Contemporary Art Center. Buffalo& New York.,325,1/16/1979,2,4:36:00,xDER6c_u21w,piano,Hallwalls Contemp. Art Ctr.& Buffalo NY,who
306,Hallwalls Contemporary Art Center. Buffalo& New York.,326,1/16/1979,3,9:45:00,dDg8RUVTVgw,piano,Hallwalls Contemp. Art Ctr.& Buffalo NY,who
631,Hallwalls Contemporary Art Center. Buffalo& New York.,327,1/16/1979,4,20:01:00,7ug-TFV6cW0,piano,Hallwalls Contemp. Art Ctr.& Buffalo NY,who
307,Hallwalls Contemporary Art Center. Buffalo& New York.,328,1/17/1979,1,30:43:00,297di3tkwRg,piano,Hallwalls Contemp. Art Ctr.& Buffalo NY,who
308,Hallwalls Contemporary Art Center. Buffalo& New York.,329,1/17/1979,2,30:45:00,k7c4-yu3kA4,piano,Hallwalls Contemp. Art Ctr.& Buffalo NY,who
309,Hallwalls Contemporary Art Center. Buffalo& New York.,330,1/18/1979,1,29:54:00,KgqxB8jQyDg,piano,Hallwalls Contemp. Art Ctr.& Buffalo NY,who
310,Hallwalls Contemporary Art Center. Buffalo& New York.,331,1/18/1979,2,23:25:00,wAyW6FEPZgk,piano,Hallwalls Contemp. Art Ctr.& Buffalo NY,who
311,Hallwalls Contemporary Art Center. Buffalo& New York.,332,1/20/1979,1,30:54:00,gFuAVu32LRA,piano,Hallwalls Contemp. Art Ctr.& Buffalo NY,who
312,Hallwalls Contemporary Art Center. Buffalo& New York.,333,1/20/1979,2,30:53:00,MqOlEOUDKcs,piano,Hallwalls Contemp. Art Ctr.& Buffalo NY,who
317,Hallwalls Contemporary Art Center. Buffalo& New York.,334,1/21/1979,1,30:49:00,2LhTVMdJ-1I,piano,Hallwalls Contemp. Art Ctr.& Buffalo NY,who
318,Hallwalls Contemporary Art Center. Buffalo& New York.,335,1/21/1979,2,30:51:00,pInF7jRAyBc,piano,Hallwalls Contemp. Art Ctr.& Buffalo NY,who
315,Hallwalls Contemporary Art Center. Buffalo& New York.,336,1/21/1979,3,19:50:00,SERQXCT_Ar4,piano,Hallwalls Contemp. Art Ctr.& Buffalo NY,who
316,Hallwalls Contemporary Art Center. Buffalo& New York.,337,1/21/1979,4,4:36:00,Jj8l7Yk0260,piano,Hallwalls Contemp. Art Ctr.& Buffalo NY,who
319,Hallwalls Contemporary Art Center. Buffalo& New York.,338,1/22/1979,1,30:52:00,KpqajYQf5jI,piano,Hallwalls Contemp. Art Ctr.& Buffalo NY,who
320,Hallwalls Contemporary Art Center. Buffalo& New York.,339,1/22/1979,2,30:45:00,LfJW3WeBk68,piano,Hallwalls Contemp. Art Ctr.& Buffalo NY,who
321,Hallwalls Contemporary Art Center. Buffalo& New York.,340,1/23/1979,1,30:55:00,Z9uQ-KLO1q0,piano,Hallwalls Contemp. Art Ctr.& Buffalo NY,who
322,Hallwalls Contemporary Art Center. Buffalo& New York.,341,1/23/1979,2,31:08:00,R3Bq0A4Qlwk,piano,Hallwalls Contemp. Art Ctr.& Buffalo NY,who
314,Hallwalls Contemporary Art Center. Buffalo& New York.,342,1/23/1979,3,6:14:00,H0gU4fswyOk,piano,Hallwalls Contemp. Art Ctr.& Buffalo NY,who
323,Hallwalls Contemporary Art Center. Buffalo& New York.,343,1/24/1979,1,30:38:00,p0YrwykP1xI,piano,Hallwalls Contemp. Art Ctr.& Buffalo NY,who
324,Hallwalls Contemporary Art Center. Buffalo& New York.,344,1/24/1979,2,6:39:00,ln-7p7nLwOI,piano,Hallwalls Contemp. Art Ctr.& Buffalo NY,who
632,Hallwalls Contemporary Art Center. Buffalo& New York.,345,1/24/1979,3,8:13:00,zgufqX3RTNY,piano,Hallwalls Contemp. Art Ctr.& Buffalo NY,who
313,,346,1/25/1979,,30:54:00,JrzHDCNNu2I,piano,where,who
325,Hallwalls Contemporary Art Center. Buffalo& New York.,347,2/5/1979,1,15:41:00,Ldjkk2Slh-Y,piano,Hallwalls Contemp. Art Ctr.& Buffalo NY,who
326,Hallwalls Contemporary Art Center. Buffalo& New York.,348,2/5/1979,2,3:57:00,4QGFAYVdF7s,piano,Hallwalls Contemp. Art Ctr.& Buffalo NY,who
329,University at Buffalo& New York. Weber piano.,349,2/13/1979,,23:28:00,c6I1ez8UX0o,Weber piano,University at Buffalo& New York,who
633,University at Buffalo& New York. Weber piano.,350,2/13/1979,,6:34:00,RURya3U7XWk,Weber piano,University at Buffalo& New York,who
328,,351,2/26/1979,,28:29:00,RN_LW_gHHxk,piano,where,who
330,University at Buffalo& New York. Weber piano.,352,2/27/1979,1,15:49:00,FChcmegXCkU,Weber piano,University at Buffalo& New York,who
331,University at Buffalo& New York. Weber piano.,353,2/27/1979,2,15:50:00,gmIQpPg9iSs,Weber piano,University at Buffalo& New York,who
332,University at Buffalo& New York. Weber piano.,354,2/28/1979,1,6:15:00,XqYHx_9LOfQ,Weber piano,University at Buffalo& New York,who
333,University at Buffalo& New York. Weber piano.,355,2/28/1979,2,0:40:00,b-p8lv0L59Y,Weber piano,University at Buffalo& New York,who
334,University at Buffalo& New York. Weber piano.,356,2/28/1979,3,13:56:00,ofCu9BhB3VI,Weber piano,University at Buffalo& New York,who
335,University at Buffalo& New York. Weber piano.,357,2/28/1979,4,15:28:00,T6jYqKr_UUU,Weber piano,University at Buffalo& New York,who
338,,358,3/19/1979,,30:00:00,v3ycE6P_X8c,piano,where,who
336,,359,3/22/1979,1,16:06:00,w1YE6exHIIE,piano,where,who
337,,360,3/22/1979,2,8:58:00,SK5ZDTVmSOA,piano,where,who
339,,361,4/6/1979,1,5:33:00,V38DDxpFpw4,piano,where,who
340,,362,4/6/1979,2,30:16:00,FkjA9He1lxo,piano,where,who
341,Peterborough& Ontario.,363,4/25/1979,1,2:33:00,SE_HhEd32TE,piano,Peterborough& Ontario,who
342,Peterborough& Ontario.,364,4/25/1979,2,20:05:00,4jkdizF5Hms,piano,Peterborough& Ontario,who
634,Peterborough& Ontario.,365,4/25/1979,3,22:26:00,PAeTgavwpQU,piano,Peterborough& Ontario,who
343,,366,5/20/1979,1,30:43:00,Pw8NxFIzHZQ,piano,where,who
344,,367,5/20/1979,2,25:41:00,fGA5Sx-zXFE,piano,where,who
345,With Andre.,368,5/20/1979,3,30:54:00,mFkanZOkrEI,piano,where,Andre
346,With Andre.,369,5/20/1979,4,30:51:00,hu_enVSjLuw,piano,where,Andre
347,University at Buffalo& New York. Weber piano.,370,5/21/1979,1,30:47:00,PQqOAb9tq-8,Weber piano,University at Buffalo& New York,who
348,University at Buffalo& New York. Weber piano.,371,5/21/1979,2,8:05:00,KmYgoz0uYIo,Weber piano,University at Buffalo& New York,who
349,University at Buffalo& New York. Weber piano.,372,5/21/1979,3,4:07:00,qaAh5gUhizs,Weber piano,University at Buffalo& New York,who
350,University at Buffalo& New York. Weber piano.,373,5/23/1979,1,16:04:00,0JFEA0ZgxAQ,Weber piano,University at Buffalo& New York,who
351,University at Buffalo& New York. Weber piano.,374,5/23/1979,2,14:29:00,bnWmtGWcVfQ,Weber piano,University at Buffalo& New York,who
352,University at Buffalo& New York. Weber piano.,375,5/23/1979,3,26:24:00,6C7aeF1Sa9w,Weber piano,University at Buffalo& New York,who
353,University at Buffalo& New York. Weber piano.,376,5/23/1979,4,4:20:00,qmaEOwaoluk,Weber piano,University at Buffalo& New York,who
354,University at Buffalo& New York. Weber piano.,377,5/24/1979,1,30:49:00,P3pZNh5LMok,Weber piano,University at Buffalo& New York,who
355,University at Buffalo& New York. Weber piano.,378,5/24/1979,2,30:47:00,5e9vs0juJXo,Weber piano,University at Buffalo& New York,who
356,University at Buffalo& New York. Weber piano.,379,5/24/1979,3,3:32:00,0YdsXX6OejE,Weber piano,University at Buffalo& New York,who
357,University at Buffalo& New York. Weber piano.,380,5/27/1979,1,18:33:00,PueuhDqpj2w,Weber piano,University at Buffalo& New York,who
358,University at Buffalo& New York. Weber piano.,381,5/27/1979,2,30:55:00,sUaTChXc3Cw,Weber piano,University at Buffalo& New York,who
635,University at Buffalo& New York. Weber piano.,382,5/27/1979,2,12:57:00,crpLmpISzy8,Weber piano,University at Buffalo& New York,who
359,University at Buffalo& New York. Weber piano.,383,5/28/1979,1,14:10:00,wG-W7NjhCMw,Weber piano,University at Buffalo& New York,who
360,University at Buffalo& New York. Weber piano.,384,5/28/1979,2,16:27:00,n4E-LLpWa_o,Weber piano,University at Buffalo& New York,who
361,University at Buffalo& New York. Weber piano.,385,5/28/1979,3,30:36:00,Zgy6Lr78ydQ,Weber piano,University at Buffalo& New York,who
365,David's cimbalom.,386,6/2/1979,1,14:58:00,mk51qdNS3HQ,David's cimbalom,where,who
366,University at Buffalo& New York. Weber piano.,387,6/2/1979,2,28:25:00,mbSJz79AcxA,Weber piano,University at Buffalo& New York,who
363,David's cimbalom.,388,6/3/1979,,13:53:00,MzyORd9O0Jg,David's cimbalom,where,who
362,University at Buffalo& New York. Weber piano.,389,6/4/1979,1,16:35:00,SnGY4Btf_WA,Weber piano,University at Buffalo& New York,who
663,University at Buffalo& New York. Weber piano.,390,6/4/1979,2,13:00:00,aHq9nji1iJs,Weber piano,University at Buffalo& New York,who
364,University at Buffalo& New York. Weber piano.,391,6/5/1979,,43:45:00,3GxgWiDo9s4,Weber piano,University at Buffalo& New York,who
367,University at Buffalo& New York. Weber piano.,392,6/6/1979,1,5:38:00,i1A1SOd5daM,Weber piano,University at Buffalo& New York,who
368,University at Buffalo& New York. Weber piano.,393,6/6/1979,2,24:48:00,rEI6fWxxyT8,Weber piano,University at Buffalo& New York,who
369,University at Buffalo& New York. Weber piano.,394,6/6/1979,3,30:38:00,t0C0fqn9W8Y,Weber piano,University at Buffalo& New York,who
370,University at Buffalo& New York. Weber piano.,395,6/11/1979,1,30:38:00,0x0ByKK58w4,Weber piano,University at Buffalo& New York,who
371,University at Buffalo& New York. Weber piano.,396,6/11/1979,2,30:41:00,t0lJiPtntR8,Weber piano,University at Buffalo& New York,who
372,University at Buffalo& New York. Weber piano.,397,6/11/1979,3,30:55:00,Z26DQJZ1Fyo,Weber piano,University at Buffalo& New York,who
373,University at Buffalo& New York. Weber piano.,398,6/12/1979,1,30:49:00,wEBROe1JDyE,Weber piano,University at Buffalo& New York,who
374,University at Buffalo& New York. Weber piano.,399,6/12/1979,2,12:10:00,9OCdHqNXjuU,Weber piano,University at Buffalo& New York,who
375,University at Buffalo& New York. Weber piano.,400,6/12/1979,3,18:32:00,4qA06-SscF8,Weber piano,University at Buffalo& New York,who
376,University at Buffalo& New York. Weber piano.,401,6/12/1979,4,30:52:00,K6hlKZB9wro,Weber piano,University at Buffalo& New York,who
377,University at Buffalo& New York. Weber piano.,402,6/13/1979,1,30:44:00,fV5tw_Q9gNM,Weber piano,University at Buffalo& New York,who
379,University at Buffalo& New York. Weber piano.,403,6/13/1979,2,15:04:00,samCZ5eAbLk,Weber piano,University at Buffalo& New York,who
381,The Kitchen. New York& New York.,404,6/14/1979,,23:27:00,Oym9TUijx-E,piano,The Kitchen& New York&NY,who
382,,405,1979-06-18& 1979-08-20,1,0:14:00,bGvAml-xs5c,piano,where,who
383,,406,1979-06-18& 1979-08-20,2,29:50:00,qWm6_AWeltQ,piano,where,who
384,,407,1979-06-18& 1979-08-20,3,10:13:00,k49qQnG0H2Q,piano,where,who
385,,408,1979-06-18& 1979-08-20,4,3:56:00,u9iqCiHfOOk,piano,where,who
386,,409,1979-06-18& 1979-08-20,5,6:27:00,44YOs5EFPW4,piano,where,who
387,,410,1979-06-18& 1979-08-20,6,9:47:00,Y5ey2FlwgdQ,piano,where,who
388,University at Buffalo& New York. Weber piano.,411,6/19/1979,1,25:57:00,SbFXeOfsan0,Weber piano,University at Buffalo& New York,who
389,University at Buffalo& New York. Weber piano.,412,6/19/1979,2,3:59:00,rTdW52Ombiw,Weber piano,University at Buffalo& New York,who
390,University at Buffalo& New York. Weber piano.,413,6/19/1979,3,30:20:00,461boOeJX0w,Weber piano,University at Buffalo& New York,who
391,University at Buffalo& New York. Weber piano.,414,6/29/1979,1,28:39:00,V-tB1KCStAw,Weber piano,University at Buffalo& New York,who
392,University at Buffalo& New York. Weber piano.,415,6/29/1979,2,23:59:00,YGcQ_hEaDBc,Weber piano,University at Buffalo& New York,who
393,University at Buffalo& New York. Weber piano.,416,6/29/1979,3,6:27:00,JRvvf1amvm8,Weber piano,University at Buffalo& New York,who
396,,417,1979-07-16& 1979-07-17& 1979-07-19,,30:51:00,anH7j-ngpEo,piano,where,who
394,,418,1979-07-Unknown,1,30:20:00,wKdmg7WHTNM,piano,where,who
395,,419,1979-07-Unknown,2,7:50:00,I7ijS9ZnW9Q,piano,where,who
399,University at Buffalo& New York. Weber piano.,420,8/5/1979,,24:55:00,LtHw0eFe4FU,Weber piano,University at Buffalo& New York,who
398,University at Buffalo& New York. Weber piano.,421,8/6/1979,,31:09:00,_1CPa2QWB2M,Weber piano,University at Buffalo& New York,who
402,University at Buffalo& New York. Weber piano.,422,8/7/1979,1,23:23:00,HAaG2na6Eg4,Weber piano,University at Buffalo& New York,who
636,University at Buffalo& New York. Weber piano.,423,8/7/1979,2,6:42:00,1QFHvW39Fes,Weber piano,University at Buffalo& New York,who
400,University at Buffalo& New York. Weber piano.,424,8/8/1979,1,14:12:00,PZMkLWLnb7o,Weber piano,University at Buffalo& New York,who
401,University at Buffalo& New York. Weber piano.,425,8/8/1979,2,15:59:00,gzRtSfKMe9I,Weber piano,University at Buffalo& New York,who
403,University at Buffalo& New York. Weber piano.,426,8/8/1979,3,25:13:00,NeDt_N8t2HI,Weber piano,University at Buffalo& New York,who
404,University at Buffalo& New York. Weber piano.,427,8/8/1979,4,5:21:00,tfJYO8CF2h0,Weber piano,University at Buffalo& New York,who
405,University at Buffalo& New York. Weber piano.,428,8/8/1979,5,6:21:00,cnmGvktvYF8,Weber piano,University at Buffalo& New York,who
637,University at Buffalo& New York. Weber piano.,429,8/8/1979,6,11:45:00,WRSfi_Ey4Go,Weber piano,University at Buffalo& New York,who
406,WYSO radio station. Antioch College. Yellow Springs& Ohio.,430,8/13/1979,,24:58:00,feoXseHA-fY,piano,WYSO radio station& Antioch College,who
407,WYSO radio station. Antioch College. Yellow Springs& Ohio.,431,1979-08-16& 1979-08-18,1,3:03:00,It5u1SnCu4Q,piano,WYSO radio station& Antioch College,who
408,WYSO radio station. Antioch College. Yellow Springs& Ohio.,432,1979-08-16& 1979-08-18,2,10:14:00,wzve8Jc74Wc,piano,WYSO radio station& Antioch College,who
409,Yellow Springs& Ohio. Ted's piano.,433,8/18/1979,1,4:47:00,m-POHC_Wdh8,Ted's piano,Yellow Springs& Ohio,who
410,Yellow Springs& Ohio. Ted's piano.,434,8/18/1979,2,1:55:00,CVEiluR3W1o,Ted's piano,Yellow Springs& Ohio,who
411,Yellow Springs& Ohio. Ted's piano.,435,8/18/1979,3,0:16:00,CuBu5xmx6aM,Ted's piano,Yellow Springs& Ohio,who
412,University at Buffalo& New York. Weber piano.,436,8/20/1979,,17:34:00,rrvls9vNztI,Weber piano,University at Buffalo& New York,who
414,,437,1979-08-22& 1979-09-04& 1979-09-12& 1979-09-16,1,9:56:00,fzX6W86qE2E,piano,where,who
415,,438,1979-08-22& 1979-09-04& 1979-09-12& 1979-09-16,2,16:25:00,h8YJ8fR1ObE,piano,where,who
416,,439,1979-08-22& 1979-09-04& 1979-09-12& 1979-09-16,3,20:39:00,cvTUzPAAliQ,piano,where,who
417,,440,1979-08-22& 1979-09-04& 1979-09-12& 1979-09-16,4,11:25:00,CFIYrJTjF5M,piano,where,who
418,,441,1979-08-22& 1979-09-04& 1979-09-12& 1979-09-16,5,12:48:00,Hx2d9uqewhs,piano,where,who
419,University at Buffalo& New York. Weber piano.,442,8/23/1979,1,28:12:00,rvazfXwf7_c,Weber piano,University at Buffalo& New York,who
420,University at Buffalo& New York. Weber piano.,443,8/23/1979,2,2:49:00,Mg_lJxIvnEc,Weber piano,University at Buffalo& New York,who
421,University at Buffalo& New York. Weber piano.,444,8/25/1979,1,30:42:00,c0DFFny6FF8,Weber piano,University at Buffalo& New York,who
422,University at Buffalo& New York. Weber piano.,445,8/25/1979,2,30:38:00,pDPXziL7QVQ,Weber piano,University at Buffalo& New York,who
423,,446,9/3/1979,,30:27:00,0LEgs4ffznA,piano,where,who
424,,447,9/4/1979,,30:53:00,C5eUz1zAEpI,piano,where,who
425,,448,9/5/1979,,30:43:00,nBlZOxuewgk,piano,where,who
426,University at Buffalo& New York. Weber piano.,449,10/16/1979,,7:39:00,fkVwazIm3jE,Weber piano,University at Buffalo& New York,who
638,University at Buffalo& New York. Weber piano.,450,10/16/1979,,38:44:00,cNDL7JIFJdE,Weber piano,University at Buffalo& New York,who
427,University at Buffalo& New York. Weber piano.,451,10/18/1979,,47:01:00,7pFLkC7J_sE,Weber piano,University at Buffalo& New York,who
430,University at Buffalo& New York. Weber piano.,452,10/22/1979,1,12:44:00,RqmiNV5SvwE,Weber piano,University at Buffalo& New York,who
639,University at Buffalo& New York. Weber piano.,453,10/22/1979,2,33:55:00,PSvhmT2uKJE,Weber piano,University at Buffalo& New York,who
428,,454,10/25/1979,1,9:25:00,41L-V53g69Y,piano,where,who
429,,455,10/25/1979,2,27:42:00,1A8Txo6bW30,piano,where,who
640,,456,10/25/1979,3,9:16:00,Parx00jLmV4,piano,where,who
431,University at Buffalo& New York. Weber piano.,457,10/26/1979,1,30:20:00,5fIVkmrI0Hc,Weber piano,University at Buffalo& New York,who
432,University at Buffalo& New York. Weber piano.,458,10/26/1979,2,31:45:00,OGITXJllkKE,Weber piano,University at Buffalo& New York,who
433,University at Buffalo& New York. Weber piano.,459,10/28/1979,1,15:25:00,EAnL5gA94-c,Weber piano,University at Buffalo& New York,who
434,University at Buffalo& New York. Weber piano.,460,10/28/1979,2,31:34:00,1jKaazh7Tm8,Weber piano,University at Buffalo& New York,who
641,University at Buffalo& New York. Weber piano.,461,10/28/1979,3,16:00:00,G24sVZgn4T4,Weber piano,University at Buffalo& New York,who
436,PS1. Long Island City& New York. Steinway piano.,462,11/4/1979,1,11:18:00,zKEe9teF0cI,Weber piano,University at Buffalo& New York,who
438,PS1. Long Island City& New York. Steinway piano.,463,11/4/1979,2,36:16:00,p9V5C4Ze9NM,Weber piano,University at Buffalo& New York,who
439,David's cimbalom.,464,11/4/1979,3,10:00:00,TCfgIKCQ_iU,David's cimbalom,where,who
437,,465,11/10/1979,,14:45:00,mviYpK_o4jo,piano,where,who
440,University at Buffalo& New York. Weber piano.,466,11/16/1979,1,30:59:00,LDF1mAShcFo,Weber piano,University at Buffalo& New York,who`
441,University at Buffalo& New York. Weber piano.,467,11/16/1979,2,31:02:00,H-EUHfIWqBc,Weber piano,University at Buffalo& New York,who`
442,Hallwalls Contemporary Art Center. Buffalo& New York.,468,11/18/1979,,11:16:00,rnyZdDd2i2c,piano,Hallwalls Contemp. Art Ctr,who
443,Hallwalls Contemporary Art Center. Buffalo& New York. Stuyvesant Pianola piano.,469,11/21/1979,1,30:56:00,UUeWp-rSeRw,piano,Hallwalls Contemp. Art Ctr,who
444,Hallwalls Contemporary Art Center. Buffalo& New York. Stuyvesant Pianola piano.,470,11/21/1979,2,29:25:00,U2b7RxdMsMc,piano,Hallwalls Contemp. Art Ctr,who
445,Antioch College. Yellow Springs& Ohio.,471,1979-11-24& 1979-11-25,1,2:25:00,zJVg4Xl_bWE,piano,Antioch College,who
602,Antioch College. Yellow Springs& Ohio.,472,1979-11-24& 1979-11-25,2,1:42:00,U9EggZO6kXk,piano,Antioch College,who
603,Antioch College. Yellow Springs& Ohio.,473,1979-11-24& 1979-11-25,3,1:50:00,JJKWdsXV58c,piano,Antioch College,who
447,Hallwalls Contemporary Art Center. Buffalo& New York. Farfisa organ.,474,12/1/1979,1,47:10:00,v74EpztPEw4,Farfisa organ,Hallwalls Contemp. Art Ctr,who
642,Hallwalls Contemporary Art Center. Buffalo& New York. Farfisa organ.,475,12/1/1979,2,34:46:00,VmGQB0uKfxs,Farfisa organ,Hallwalls Contemp. Art Ctr,who
448,University at Buffalo& New York. Weber piano.,476,12/2/1979,,17:34:00,lR5Se9ySvDo,Weber piano,University at Buffalo& New York,who
446,Hallwalls Contemporary Art Center. Buffalo& New York.,477,12/7/1979,1,13:19:00,PEceBbXrMX0,piano,Hallwalls Contemp. Art Ctr,who
451,Albany& New York.,478,12/7/1979,2,37:57:00,KAPyX8GHhx8,piano,Albany& New York.,who
452,University of California& San Diego. Yamaha piano.,479,1/13/1980,1,30:25:00,ONKpvJUJNrA,Yamaha piano,UC Yamaha piano,UC San Diego,who
453,University of California& San Diego. Yamaha piano.,480,1/13/1980,2,30:24:00,fwOc7sueJGc,Yamaha piano,UC San Diego,who
449,University at Buffalo& New York. Weber piano.,481,1/15/1980,1,12:55:00,q9bG4puhSnY,Yamaha piano,UC San Diego,who
450,University at Buffalo& New York. Weber piano.,482,1/15/1980,2,30:35:00,Qbn4boBrX9c,Yamaha piano,UC San Diego,who
454,University of California& San Diego. Yamaha piano.,483,1/16/1980,1,30:31:00,tGlqzRrV9FQ,Yamaha piano,UC San Diego,who
455,University of California& San Diego. Yamaha piano.,484,1/16/1980,2,7:28:00,dTM1Vp6t394,Yamaha piano,UC San Diego,who
643,University of California& San Diego. Yamaha piano.,485,1/16/1980,2,22:25:00,6ykPRM8MU9k,Yamaha piano,UC San Diego,who
456,University of California& San Diego. Yamaha piano.,486,1/18/1980,1,1:07:00,btATwva-sdg,Yamaha piano,UC San Diego,who
457,University of California& San Diego. Yamaha piano.,487,1/18/1980,2,5:50:00,cuj3GRAu_1g,Yamaha piano,UC San Diego,who
644,University of California& San Diego. Yamaha piano.,488,1/18/1980,3,2:40:00,gVvDMCP8Ock,Yamaha piano,UC San Diego,who
645,University of California& San Diego. Yamaha piano.,489,1/18/1980,4,40:53:00,k3WoafOZkT8,Yamaha piano,UC San Diego,who
458,University of California& San Diego. Yamaha piano.,490,1/22/1980,1,30:45:00,caO5wNiznY8,Yamaha piano,UC San Diego,who
459,University of California& San Diego. Yamaha piano.,491,1/22/1980,2,27:01:00,gTuLYk0BxaI,Yamaha piano,UC San Diego,who
460,University of California& San Diego. Yamaha piano.,492,1/24/1980,,45:59:00,rETyNrcCmYA,Yamaha piano,UC San Diego,who
461,University of California& San Diego. Yamaha piano.,493,2/27/1980,1,30:52:00,oBf60_FBF9k,Yamaha piano,UC San Diego,who
462,University of California& San Diego. Yamaha piano.,494,2/27/1980,2,30:50:00,eK60IUamBug,Yamaha piano,UC San Diego,who
463,University of California& San Diego. Yamaha piano.,495,3/5/1980,1,31:17:00,nknJmm0g3-4,Yamaha piano,UC San Diego,who
464,University of California& San Diego. Yamaha piano.,496,3/5/1980,2,25:23:00,xdYBSTZPAAU,Yamaha piano,UC San Diego,who
646,University of California& San Diego. Yamaha piano.,497,3/5/1980,3,5:23:00,21_Xpw8FUTc,Yamaha piano,UC San Diego,who
465,University of California& San Diego. Yamaha piano.,498,3/7/1980,,46:09:00,Xuri4702J7M,Yamaha piano,UC San Diego,who
466,University of California& San Diego. Yamaha piano.,499,4/27/1980,1,30:52:00,kB4h6wcFaZA,Yamaha piano,UC San Diego,who
467,University of California& San Diego. Yamaha piano.,500,4/27/1980,2,30:55:00,7CCoa9nR3a4,Yamaha piano,UC San Diego,who
468,University of California& San Diego. Yamaha piano.,501,4/28/1980,1,30:44:00,hx1zJmioQ0E,Yamaha piano,UC San Diego,who
469,University of California& San Diego. Yamaha piano.,502,4/28/1980,2,30:50:00,mVkzXkWjq4A,Yamaha piano,UC San Diego,who
470,University of California& San Diego. Yamaha piano.,503,4/29/1980,1,30:56:00,ORs5LLwKh04,Yamaha piano,UC San Diego,who
471,University of California& San Diego. Yamaha piano.,504,4/29/1980,2,30:58:00,w3vR0BGb8-w,Yamaha piano,UC San Diego,who
472,University of California& San Diego. Yamaha piano.,505,4/30/1980,1,31:00:00,2QcJCPdkixw,Yamaha piano,UC San Diego,who
473,University of California& San Diego. Yamaha piano.,506,4/30/1980,2,31:04:00,zDUdjNX7CD8,Yamaha piano,UC San Diego,who
474,University of California& San Diego. Yamaha piano.,507,5/2/1980,1,16:51:00,h-crVJNL5WQ,Yamaha piano,UC San Diego,who
475,University of California& San Diego. Yamaha piano.,508,5/2/1980,2,13:25:00,6Mg5K6Joldw,Yamaha piano,UC San Diego,who
476,University of California& San Diego. Yamaha piano.,509,5/2/1980,3,30:52:00,kOnQgfIhiWM,Yamaha piano,UC San Diego,who
477,Third Street Music School. Buffalo& New York. Steinway piano.,510,5/5/1980,1,47:09:00,rGRFimROIzM,Steinway piano,3rd st. Music School& Buffalo& NY,who
478,Third Street Music School. Buffalo& New York. Steinway piano.,511,5/5/1980,2,32:59:00,cbkVNeQNwpM,Steinway piano,3rd st. Music School& Buffalo& NY,who
479,Third Street Music School. Buffalo& New York. Steinway piano.,512,5/5/1980,3,7:21:00,SZk5TK39zc0,Steinway piano,3rd st. Music School& Buffalo& NY,who
480,Third Street Music School. Buffalo& New York. Steinway piano.,513,5/6/1980,1,47:12:00,YlQjJd1zyRk,Steinway piano,3rd st. Music School& Buffalo& NY,who
481,Third Street Music School. Buffalo& New York. Steinway piano.,514,5/6/1980,2,47:13:00,jd-lT8bVElo,Steinway piano,3rd st. Music School& Buffalo& NY,who
482,Third Street Music School. Buffalo& New York. Steinway piano.,515,5/7/1980,1,47:38:00,K7cxFVvLank,Steinway piano,3rd st. Music School& Buffalo& NY,who
483,Third Street Music School. Buffalo& New York. Steinway piano.,516,5/7/1980,2,47:49:00,Cx6OwCdwTQY,Steinway piano,3rd st. Music School& Buffalo& NY,who
484,Third Street Music School. Buffalo& New York. Steinway piano.,517,5/8/1980,1,47:54:00,YAsFXbahZaI,Steinway piano,3rd st. Music School& Buffalo& NY,who
485,Third Street Music School. Buffalo& New York. Steinway piano.,518,5/8/1980,2,47:57:00,xh4v-MpMrx8,Steinway piano,3rd st. Music School& Buffalo& NY,who
486,The Kitchen. New York& New York.,519,5/9/1980,1,22:39:00,mHvN-y033Kg,piano,The Kitchen& New York&NY,who
487,The Kitchen. New York& New York.,520,5/9/1980,2,24:05:00,UlhzWXiv0RY,piano,The Kitchen& New York&NY,who
488,The Kitchen. New York& New York.,521,5/9/1980,3,32:28:00,ERZpB84Dw6U,piano,The Kitchen& New York&NY,who
489,The Kitchen. New York& New York.,522,5/10/1980,1,46:13:00,s08HeGXdAdw,piano,The Kitchen& New York&NY,who
490,The Kitchen. New York& New York.,523,5/10/1980,2,34:55:00,CUkCz-RGdBg,piano,The Kitchen& New York&NY,who
647,The Kitchen. New York& New York.,524,5/10/1980,2,1:04:00,OtfTfPsBrYk,piano,The Kitchen& New York&NY,who
491,University of California& San Diego. Yamaha 136 piano.,525,5/12/1980,1,47:15:00,I4ZclP2_WhQ,Yamaha 136 piano,UC San Diego,who
492,University of California& San Diego. Yamaha 136 piano.,526,5/12/1980,2,47:11:00,jWG5jEfMolc,Yamaha 136 piano,UC San Diego,who
493,University of California& San Diego. Yamaha CLP 133 piano.,527,5/23/1980,1,47:20:00,9MibU-WqAII,Yamaha 136 piano,UC San Diego,who
494,University of California& San Diego. Yamaha CLP 133 piano.,528,5/23/1980,2,9:55:00,1onlXx3Y48o,Yamaha 136 piano,UC San Diego,who
495,University of California& San Diego. Yamaha CLP 133 piano.,529,5/23/1980,3,37:28:00,HOO38M-M4Gs,Yamaha 136 piano,UC San Diego,who
496,With Barb.,530,5/26/1980,1,47:21:00,B8FPgLTDv4k,piano,where,Barb
497,With Barb.,531,5/26/1980,2,18:42:00,1i5dNIe2JAU,piano,where,Barb
648,With Barb.,532,5/26/1980,3,28:28:00,AuL-_O8KsZc,piano,where,Barb
498,University of California& San Diego. Yamaha 140 piano.,533,5/27/1980,1,11:46:00,lEyELBhjmwU,Yamaha 140 piano,UC San Diego,who
499,University of California& San Diego. Yamaha 140 piano.,534,5/27/1980,2,35:20:00,RVuW2nKd-j8,Yamaha 140 piano,UC San Diego,who
500,University of California& San Diego. Yamaha 140 piano.,535,5/27/1980,3,22:15:00,6fUAkX0ZEtM,Yamaha 140 piano,UC San Diego,who
501,University of California& San Diego. Yamaha 140 piano.,536,5/29/1980,1,17:59:00,V5vMRaw3vro,Yamaha 140 piano,UC San Diego,who
502,University of California& San Diego. Yamaha 140 piano.,537,5/29/1980,2,18:19:00,Ah3SauFBnJY,Yamaha 140 piano,UC San Diego,who
649,University of California& San Diego. Yamaha 140 piano.,538,5/29/1980,3,4:23:00,k1b1QjpzYGk,Yamaha 140 piano,UC San Diego,who
650,University of California& San Diego. Yamaha 140 piano.,539,5/29/1980,4,0:54:00,XxjuQuCKpmI,Yamaha 140 piano,UC San Diego,who
651,University of California& San Diego. Yamaha 140 piano.,540,5/29/1980,5,3:29:00,wzzGskNw7WI,Yamaha 140 piano,UC San Diego,who
503,University of California& San Diego. Yamaha 140 piano.,541,5/30/1980,1,7:45:00,1wn0ughDOEE,Yamaha 140 piano,UC San Diego,who
652,University of California& San Diego. Yamaha 140 piano.,542,5/30/1980,2,1:19:00,LETUsuNUvE0,Yamaha 140 piano,UC San Diego,who
653,University of California& San Diego. Yamaha 140 piano.,543,5/30/1980,3,0:35:00,km4dBrKrBXI,Yamaha 140 piano,UC San Diego,who
654,University of California& San Diego. Yamaha 140 piano.,544,5/30/1980,4,1:10:00,Mz5p_GobOhM,Yamaha 140 piano,UC San Diego,who
504,University of California& San Diego. Vorsetzer piano.,545,5/30/1980,5,42:25:00,JF7gHp8D6YQ,Yamaha 140 piano,UC San Diego,who
505,University of California& San Diego. Yamaha 140 piano.,546,5/30/1980,6,0:53:00,gMEt90syXwY,Yamaha 140 piano,UC San Diego,who
506,University of California& San Diego. Yamaha 132 piano.,547,6/10/1980,1,17:54:00,BNllonwtkSE,Yamaha 140 piano,UC San Diego,who
507,University of California& San Diego. Yamaha 132 piano.,548,6/10/1980,2,29:37:00,WyIrK1K3UTw,Yamaha 140 piano,UC San Diego,who
508,University of California& San Diego. Yamaha 132 piano.,549,6/11/1980,1,11:58:00,nSJG87ZoBr4,Yamaha 140 piano,UC San Diego,who
509,University of California& San Diego. Yamaha 132 piano.,550,6/11/1980,2,9:45:00,uhEeN7_Kyro,Yamaha 140 piano,UC San Diego,who
510,University of California& San Diego. Yamaha 132 piano.,551,6/11/1980,3,25:44:00,qPFu8qngRhc,Yamaha 140 piano,UC San Diego,who
513,University of California& San Diego. Yamaha 136 piano.,552,6/11/1980,4,15:22:00,zcgRct7FPAw,Yamaha 140 piano,UC San Diego,who
514,University of California& San Diego. Yamaha 136 piano.,553,6/11/1980,5,31:57:00,8UnY5fbx4B0,Yamaha 140 piano,UC San Diego,who
511,University of California& San Diego.,554,6/12/1980,1,10:45:00,uuIJkt8grh8,Yamaha 140 piano,UC San Diego,who
512,University of California& San Diego.,555,6/12/1980,2,36:39:00,WfRmFOo_JaY,Yamaha 140 piano,UC San Diego,who
515,University of California& San Diego. Yamaha 133 piano.,556,6/15/1980,,22:50:00,0wpF2cFCfco,Yamaha 140 piano,UC San Diego,who
517,Los Angeles Institute of Contemporary Art& California. Lester Spinet piano.,557,6/20/1980,1,42:21:00,NOE2KGAVyzY,Lester Spinet piano,ICA LA,who
518,Los Angeles Institute of Contemporary Art& California. Lester Spinet piano.,558,6/21/1980,2,47:16:00,712tDo7ztXo,Lester Spinet piano,ICA LA,who
519,Los Angeles Institute of Contemporary Art& California. Lester Spinet piano.,559,6/22/1980,1,10:13:00,HsmAyoP2_7Y,Lester Spinet piano,ICA LA,who
521,Los Angeles Institute of Contemporary Art& California. Lester Spinet piano.,560,6/22/1980,2,47:14:00,XoY62wcoNC4,Lester Spinet piano,ICA LA,who
522,Los Angeles Institute of Contemporary Art& California. Lester Spinet piano.,561,6/22/1980,3,2:26:00,Gf2Uc0w_UBQ,Lester Spinet piano,ICA LA,who
655,Los Angeles Institute of Contemporary Art& California. Lester Spinet piano.,562,6/22/1980,4,23:44:00,NovmO4Gltrk,Lester Spinet piano,ICA LA,who
656,Los Angeles Institute of Contemporary Art& California. Lester Spinet piano.,563,6/22/1980,5,13:04:00,5nm7UzD3AT8,Lester Spinet piano,ICA LA,who
523,Barb's house. Fischer piano.,564,10/20/1980,,29:04:00,nUUvpwhGR4I,Fischer piano,Barb's house,who
524,Barb's house. Fischer piano.,565,1980-10-21& 1980-10-22& 1980-10-23,1,18:21:00,VMrS284EnB4,Fischer piano,Barb's house,who
525,University at Buffalo& New York. Weber piano.,566,1980-10-21& 1980-10-22& 1980-10-23,2,12:28:00,7viJw90xRC0,Yamaha piano,UC San Diego,who
526,University at Buffalo& New York. Weber piano.,567,1980-10-21& 1980-10-22& 1980-10-23,3,33:10:00,fEyyk8J6SdE,Yamaha piano,UC San Diego,who
657,University at Buffalo& New York. Weber piano.,568,1980-10-21& 1980-10-22& 1980-10-23,4,14:01:00,gjeBWzlGeEs,Yamaha piano,UC San Diego,who
542,University at Buffalo& New York. Weber piano.,569,1980-10-25& 1980-10-26& 1980-10-27,1,5:05:00,pFuP_2B7DRQ,Yamaha piano,UC San Diego,who
660,University at Buffalo& New York. Weber piano.,570,1980-10-25& 1980-10-26& 1980-10-27,2,33:46:00,-S4xIcbHG_Y,Yamaha piano,UC San Diego,who
527,University at Buffalo& New York. Weber piano.,571,1981-02-28& 1981-04-02,1,12:08:00,fnaHf2OYC64,Yamaha piano,UC San Diego,who
528,University at Buffalo& New York. Weber piano.,572,1981-02-28& 1981-04-02,2,35:02:00,dXilNfOFVHc,Yamaha piano,UC San Diego,who
530,University at Buffalo& New York. Weber piano.,573,3/27/1981,,14:47:00,LEDcFXvf_fc,Yamaha piano,UC San Diego,who
532,University at Buffalo& New York. Weber piano.,574,5/14/1981,,12:28:00,igAA7wXAf78,Yamaha piano,UC San Diego,who
533,University at Buffalo& New York. Weber piano.,575,6/28/1981,1,31:03:00,NSH38N7Q5wY,Yamaha piano,UC San Diego,who
534,University at Buffalo& New York. Weber piano.,576,6/28/1981,2,18:46:00,SbEpd6L0P3A,Yamaha piano,UC San Diego,who
535,Fischer piano.,577,1/4/1982,1,2:58:00,B_50f_O6hhw,piano,where,who
658,Fischer piano.,578,1/4/1982,2,43:28:00,zoYFCQhVpzA,piano,where,who
536,Fischer piano.,579,1/4/1982,3,25:17:00,ECJpRRfOPAg,piano,where,who
659,Fischer piano.,580,1/4/1982,4,16:16:00,PW9ormAVxWk,piano,where,who
537,Fischer piano.,581,1/4/1982,5,4:11:00,DtsrDwWOZ-E,piano,where,who
538,Rob's electric piano.,582,1982-06-Unknown,1,47:22:00,Ipz04l6EJCk,Rob's electric piano,where,who
539,Rob's electric piano.,583,1982-06-Unknown,2,47:22:00,--hDxIMgSpU,Rob's electric piano,where,who
540,University at Buffalo& New York. Weber piano.,584,10/20/1982,1,9:28:00,OUOgZ8wi_E4,Yamaha piano,UC San Diego,who
541,University at Buffalo& New York. Weber piano.,585,10/20/1982,2,29:05:00,HFR_skPNYtA,Yamaha piano,UC San Diego,who
543,University at Buffalo& New York. Weber piano.,586,1982-11-13& 1982-12-21,1,43:29:00,tMm-BTea1ms,Yamaha piano,UC San Diego,who
544,University at Buffalo& New York. Weber piano.,587,1982-11-13& 1982-12-21,2,15:19:00,byfi-LH4rgo,Yamaha piano,UC San Diego,who
662,University at Buffalo& New York. Weber piano.,588,1982-11-13& 1982-12-21,3,2:19:00,BzwcOXBgIfA,Yamaha piano,UC San Diego,who
661,University at Buffalo& New York. Weber piano.,589,1982-11-13& 1982-12-21,4,3:26:00,uPeU9rEJwJE,Yamaha piano,UC San Diego,who
153,,590,Unknown 1,1,38:32:00,JPGMRkqPJu0,piano,where,who
154,,591,Unknown 1,2,23:37:00,KuZwFgX2jBs,piano,where,who
155,,592,Unknown 1,3,21:25:00,2BRBodQMdPQ,piano,where,who
548,,593,Unknown 2,,30:46:00,y7oMlqxxHwY,piano,where,who
549,,594,Unknown 3,1,30:37:00,Sz-AnzStnDI,piano,where,who
550,,595,Unknown 3,2,20:37:00,c_3GJUS0T3A,piano,where,who
MATMOTW,NOTES,real_ID,DATE,MATMOTW_PART,TIMECODE_ELAPSED,youtube id,piano,where,who
