1,Conrad family home. Baldwin& Maryland. Steinway piano.,1,12/25/1976,1,22:45:00,sM0jmt8jkKU
2,Conrad family home. Baldwin& Maryland. Steinway piano.,2,12/25/1976,2,31:27:00,K7Gd0jfQ2j4
604,Conrad family home. Baldwin& Maryland. Steinway piano.,3,12/25/1976,3,8:35:00,zy3AI9pC1S4
3,With Dan.,4,1/8/1977,1,16:31:00,Vod-ItQvPss
4,With Dan.,5,1/8/1977,2,13:28:00,JQxBKu5tx6o
5,With Dan.,6,1/8/1977,3,30:04:00,xaLPcILlLZM
6,David's piano.,7,1977-01-25& 1977-01-26,1,19:48:00,039tqamk2R4
7,David's piano.,8,1977-01-25& 1977-01-26,2,21:54:00,dplx1F-pEnc
8,David's piano.,9,1977-01-25& 1977-01-26,3,4:18:00,et5b_7BBFI4
9,David's piano.,10,1977-01-25& 1977-01-26,4,6:46:00,4pqMp1SWozQ
10,David's piano.,11,1977-01-25& 1977-01-26,5,5:01:00,L353RPKS8ZE
14,Anne's house. Newton& Massachusetts.,12,1977-05-05& 1977-05-06,1,11:55:00,Ee_72hOPWs4
15,Anne's house. Newton& Massachusetts.,13,1977-05-05& 1977-05-06,2,11:49:00,e8rmmgm-ODw
16,Anne's house. Newton& Massachusetts.,14,1977-05-05& 1977-05-06,3,15:14:00,t4_6FJagQik
17,Anne's house. Newton& Massachusetts.,15,1977-05-05& 1977-05-06,4,4:11:00,aL5R426LFWo
11,Anne's house. Newton& Massachusetts.,16,5/7/1977,1,10:00:00,Pkd5oW9IrD8
12,Anne's house. Newton& Massachusetts.,17,5/7/1977,2,1:52:00,QDmCiEC4UXc
13,Anne's house. Newton& Massachusetts.,18,5/7/1977,3,34:10:00,yp-VNwjDlLI
18,Anne's house. Newton& Massachusetts.,19,5/7/1977,4,4:01:00,1rJCX20GdZM
19,Anne's house. Newton& Massachusetts.,20,5/7/1977,5,41:29:00,lUf_ohQk3RY
20,Anne's house. Newton& Massachusetts.,21,5/7/1977,6,45:47:00,1H15bHlOneg
23,,22,5/23/1977,,45:03:00,k9R2QpMV7P4
21,,23,5/24/1977,1,25:07:00,cPCgGo8nVpw
22,,24,5/24/1977,2,19:54:00,ehqgv81We3Q
24,,25,5/25/1977,1,45:37:00,r6Svl-YhP-0
25,,26,5/25/1977,2,22:58:00,-FPmSFuRL1E
26,,27,5/25/1977,3,22:39:00,wqH1ovveMoQ
28,,28,5/26/1977,1,20:58:00,-qUssiENyo0
29,,29,5/26/1977,2,23:40:00,m1NAEgtar98
30,,30,5/26/1977,3,7:48:00,qlPo5rQNHOw
27,,31,5/29/1977,1,37:21:00,XV-wCMtJjEg
35,,32,5/29/1977,2,5:37:00,RSHIloI3d20
33,,33,6/1/1977,1,39:57:00,-shDtYvKwXE
34,,34,6/1/1977,2,22:53:00,jaipF_B9xWE
36,,35,6/2/1977,1,10:32:00,SviNmbRZHrw
37,,36,6/2/1977,2,14:47:00,Ml7VwMNW1Is
31,,37,6/2/1977,3,1:25:00,5IsG2nAing8
32,,38,6/2/1977,4,20:55:00,NdsB0FOQLsY
38,,39,6/3/1977,1,20:33:00,rM84YprF968
39,,40,6/3/1977,2,24:03:00,MN8PFXzXWCw
40,,41,6/3/1977,3,21:54:00,orIfoGkRpR8
42,,42,6/6/1977,1,10:43:00,rRE8dYEFtCI
43,,43,6/6/1977,2,29:42:00,CifSrl-Y2C8
605,,44,6/6/1977,3,11:42:00,KuRCcy6u-Ao
606,,45,6/6/1977,4,19:51:00,1sYkRt8MOqM
607,,46,6/6/1977,5,3:04:00,XpSvHOOLWQk
608,,47,6/6/1977,6,15:28:00,oW5U5pQrM4M
44,,48,6/7/1977,1,5:36:00,d4X0kRsj6IE
45,,49,6/7/1977,2,19:28:00,JraaMLSHifs
46,,50,6/7/1977,3,30:52:00,mNpfdYS81-c
609,,51,6/7/1977,4,5:32:00,8VzMjjjC_7o
47,,52,6/8/1977,1,33:24:00,PbOsg1nn7Lg
48,,53,6/8/1977,2,8:58:00,zhqSr-qf-dk
49,,54,6/8/1977,3,3:18:00,UQh7B34_K60
51,,55,6/9/1977,,18:15:00,ZhCmjzlKGb0
50,,56,6/10/1977,1,23:08:00,Px_etSq9rEA
52,,57,6/10/1977,2,34:29:00,4qwNrhjPodQ
53,,58,6/10/1977,3,7:50:00,qEcHQrbqqws
54,,59,6/10/1977,4,25:18:00,_R8eVpXjF7g
55,,60,6/10/1977,5,20:25:00,CMHIX5fEu2w
58,Anne's house. Newton& Massachusetts.,61,6/17/1977,1,3:53:00,9pFX_EC9VRs
59,Anne's house. Newton& Massachusetts.,62,6/17/1977,2,9:52:00,PXJ6TqEp11Y
60,Anne's house. Newton& Massachusetts.,63,6/17/1977,3,11:08:00,J3IL8TbBPiA
61,Anne's house. Newton& Massachusetts.,64,6/17/1977,4,6:52:00,BaCPV26g_WE
62,Anne's house. Newton& Massachusetts.,65,6/17/1977,5,12:27:00,JwXbltSltUE
56,Anne's house. Newton& Massachusetts.,66,6/18/1977,1,12:04:00,1Y3Em6RiZEw
57,Anne's house. Newton& Massachusetts.,67,6/18/1977,2,32:06:00,TJm6qQE5-6k
63,Conrad family home. Baldwin& Maryland. Steinway piano.,68,1977-08-22& 1977-08-23,1,9:52:00,J83SEjRAhEM
64,Conrad family home. Baldwin& Maryland. Steinway piano.,69,1977-08-22& 1977-08-23,2,8:41:00,T6Wkyxb89J0
65,Conrad family home. Baldwin& Maryland. Steinway piano.,70,1977-08-22& 1977-08-23,3,2:43:00,39FZjKKsejo
66,Conrad family home. Baldwin& Maryland. Steinway piano.,71,1977-08-22& 1977-08-23,4,9:45:00,w41KQMlTiJY
67,Conrad family home. Baldwin& Maryland. Steinway piano.,72,1977-08-22& 1977-08-23,5,9:58:00,RB8-0aDQ66Y
68,Conrad family home. Baldwin& Maryland. Steinway piano.,73,1977-08-22& 1977-08-23,6,21:14:00,VyUZRy4JJOc
69,Conrad family home. Baldwin& Maryland. Steinway piano.,74,8/25/1977,1,12:40:00,8GEfMUuf4mY
70,Conrad family home. Baldwin& Maryland. Steinway piano.,75,8/25/1977,2,30:56:00,kYJn1Df1anU
71,Conrad family home. Baldwin& Maryland. Steinway piano.,76,8/25/1977,3,4:01:00,dZts5ESRbBI
610,Conrad family home. Baldwin& Maryland. Steinway piano.,77,8/25/1977,4,16:44:00,X8VgJ6_o9SQ
611,Conrad family home. Baldwin& Maryland. Steinway piano.,78,8/25/1977,5,1:37:00,e4Ieazkhx6I
72,Conrad family home. Baldwin& Maryland. Steinway piano.,79,8/26/1977,1,30:07:00,t96dBw5POWs
73,Conrad family home. Baldwin& Maryland. Steinway piano.,80,8/26/1977,2,10:04:00,p-4Jd0G3JUM
612,,81,8/26/1977,3,4:07:00,15kCKRM6xPU
613,,82,8/26/1977,4,2:24:00,U5zVY6HA_W4
614,,83,8/26/1977,5,5:38:00,6PSJa0Z8km4
74,Conrad family home. Baldwin& Maryland. Steinway piano.,84,9/17/1977,1,15:26:00,kW0QSseS3mg
75,Conrad family home. Baldwin& Maryland. Steinway piano.,85,9/17/1977,2,15:37:00,3YkJxLppliY
76,Conrad family home. Baldwin& Maryland. Steinway piano.,86,9/17/1977,3,8:49:00,gXPDL8zbx1M
77,Conrad family home. Baldwin& Maryland. Steinway piano.,87,9/17/1977,4,22:16:00,aq1krLqOMZE
78,Conrad family home. Baldwin& Maryland. Steinway piano.,88,9/18/1977,1,31:10:00,shr1ji6r7LM
79,Conrad family home. Baldwin& Maryland. Steinway piano.,89,9/18/1977,2,3:05:00,Xj4yUEh6WkU
80,Conrad family home. Baldwin& Maryland. Steinway piano.,90,9/18/1977,3,5:17:00,jh3VmFkepws
81,Conrad family home. Baldwin& Maryland. Steinway piano.,91,9/18/1977,4,4:30:00,LFeA3h5KL_c
82,Conrad family home. Baldwin& Maryland. Steinway piano.,92,9/18/1977,5,9:03:00,iHhsGhDBhV4
83,Conrad family home. Baldwin& Maryland. Steinway piano.,93,9/18/1977,6,3:01:00,j-E1-favxGA
84,Conrad family home. Baldwin& Maryland. Steinway piano.,94,9/18/1977,7,18:58:00,4w9AEmyWBVU
615,,95,9/18/1977,7,5:54:00,-07pjliIrw8
85,Conrad family home. Baldwin& Maryland. Steinway piano.,96,9/18/1977,8,8:00:00,pMh2PVh8NbI
86,Conrad family home. Baldwin& Maryland. Steinway piano.,97,9/18/1977,9,4:09:00,JpT3cukh-Dk
87,Conrad family home. Baldwin& Maryland. Steinway piano.,98,9/18/1977,10,17:08:00,REOKeEs8Q1U
88,Conrad family home. Baldwin& Maryland. Steinway piano.,99,9/18/1977,11,4:56:00,VWhwvqf10OQ
89,Conrad family home. Baldwin& Maryland. Steinway piano.,100,9/18/1977,12,4:58:00,sgGXC2qj6Mg
90,Conrad family home. Baldwin& Maryland. Steinway piano.,101,9/18/1977,13,2:17:00,aG_9HxFBNik
91,Conrad family home. Baldwin& Maryland. Steinway piano.,102,9/18/1977,14,12:44:00,7kDrFK54krw
92,Conrad family home. Baldwin& Maryland. Steinway piano.,103,9/18/1977,15,32:36:00,kiXkgOR2ATo
93,Conrad family home. Baldwin& Maryland. Steinway piano.,104,9/18/1977,16,10:19:00,3NgkOT7559s
95,Conrad family home. Baldwin& Maryland. Steinway piano.,105,9/19/1977,1,4:15:00,rmwNtLq8g4o
96,Conrad family home. Baldwin& Maryland. Steinway piano.,106,9/19/1977,2,2:07:00,jfZM2RQ00K8
98,University at Buffalo& New York. Weber piano.,107,9/20/1977,1,11:34:00,vY43z8F3Kx4
99,University at Buffalo& New York. Weber piano.,108,9/20/1977,2,31:13:00,nqYZVWBqOHU
619,,109,9/20/1977,3,19:35:00,yPq-26MhFqQ
100,,110,9/29/1977,1,30:32:00,vcRplnQnEqQ
101,,111,9/29/1977,2,19:28:00,_xNblUxQJIk
102,,112,9/29/1977,3,11:03:00,5r86mN3ohLY
103,University at Buffalo& New York. Weber piano.,113,9/30/1977,1,21:44:00,l1HOQxN2mTk
108,University at Buffalo& New York. Weber piano.,114,9/30/1977,2,20:23:00,aYmNvEPPuYs
109,University at Buffalo& New York. Weber piano.,115,9/30/1977,3,24:06:00,JfmLLlgseRE
110,University at Buffalo& New York. Weber piano.,116,9/30/1977,4,1:28:00,2uoJo97uVLM
104,Conrad family home. Baldwin& Maryland. Steinway piano.,117,10/4/1977,1,9:28:00,MjOkXlFIzbU
105,Conrad family home. Baldwin& Maryland. Steinway piano.,118,10/4/1977,2,29:03:00,n6RDyrJUl04
106,Conrad family home. Baldwin& Maryland. Steinway piano.,119,10/4/1977,3,2:09:00,ebk3jTXYw0M
94,Conrad family home. Baldwin& Maryland. Steinway piano.,120,10/4/1977,4,34:25:00,VguLRcEM-5A
107,,121,10/7/1977,,11:40:00,9VqCzYzYqVw
114,Whiteman Street. Yellow Springs& Ohio.,122,10/9/1977,1,2:14:00,2A4ChbhifFI
115,Whiteman Street. Yellow Springs& Ohio.,123,10/9/1977,2,11:16:00,L82sVaAlDSc
116,Whiteman Street. Yellow Springs& Ohio.,124,10/9/1977,3,2:17:00,h3RqHea_ngc
117,Whiteman Street. Yellow Springs& Ohio.,125,10/9/1977,4,27:08:00,MoJtlK3GUMQ
97,,126,10/11/1977,1,2:14:00,iZx09EkHB24
616,,127,10/11/1977,2,16:30:00,oGHdNU1Re2M
617,,128,10/11/1977,3,4:48:00,kKCZw40tI98
618,,129,10/11/1977,4,7:36:00,2kLKznWiKTI
122,University at Buffalo& New York. Weber piano.,130,10/13/1977,,46:02:00,oLmpz0mrouw
123,University at Buffalo& New York. Weber piano.,131,10/14/1977,1,45:58:00,bWbj2E9b0J4
118,University at Buffalo& New York. Weber piano.,132,10/14/1977,2,33:56:00,MqXwTS7XkCY
119,University at Buffalo& New York. Weber piano.,133,10/14/1977,3,4:34:00,nCZCPl4AJn0
120,University at Buffalo& New York. Weber piano.,134,10/14/1977,4,3:15:00,vcM_jxYhqRU
121,University at Buffalo& New York. Weber piano.,135,10/14/1977,5,3:17:00,tWgQHIM1WNI
124,University at Buffalo& New York. Weber piano.,136,10/15/1977,1,30:34:00,LwgoSlu-2WE
125,University at Buffalo& New York. Weber piano.,137,10/15/1977,2,9:36:00,-zbdaoBuCuc
126,University at Buffalo& New York. Weber piano (Heintzman). With Polidori.,138,10/20/1977,1,12:54:00,lvstwpHEQt0
600,University at Buffalo& New York. Weber piano (Heintzman). With Polidori.,139,10/20/1977,2,15:58:00,X9WXpqBeJp8
127,University at Buffalo& New York. Weber piano (Heintzman). With Polidori.,140,10/20/1977,3,29:25:00,yBgNnxoJAr0
128,University at Buffalo& New York. Weber piano (Heintzman). With Polidori.,141,10/20/1977,4,13:02:00,1q6tgI8nOf8
129,University at Buffalo& New York. Weber piano (Heintzman). With Polidori.,142,10/20/1977,5,17:51:00,PQ1Bu3yYo-A
130,University at Buffalo& New York. Weber piano (Heintzman). With Polidori.,143,10/20/1977,6,26:01:00,agylMadqbVk
131,University at Buffalo& New York. Weber piano (Heintzman). With Polidori.,144,10/20/1977,7,4:27:00,ok-P8cPF7Hg
132,University at Buffalo& New York. Weber piano.,145,10/21/1977,1,30:37:00,v6ieJzqdrRw
133,University at Buffalo& New York. Weber piano.,146,10/21/1977,2,30:37:00,MZ7JtHv7etg
135,University at Buffalo& New York. Weber piano.,147,10/21/1977,3,30:00:00,6MOE9vrRK_I
113,,148,10/26/1977,,30:00:00,Aq3w73Jqs_I
41,,149,10/28/1977,,29:48:00,iSJM89z6PL0
136,,150,10/29/1977,,30:01:00,QTBPmjSt3k4
138,,151,10/31/1977,1,45:46:00,pQygJWML6A8
139,,152,10/31/1977,2,45:37:00,iZbcVCBPLZM
137,,153,10/31/1977,3,30:03:00,JUawX61_afQ
111,,154,1977-10-Unknown,1,19:05:00,_QpjeIFEP2g
112,,155,1977-10-Unknown,2,10:39:00,CLlwtAqV_Vk
141,,156,11/1/1977,,24:41:00,-132lV04leI
143,,157,11/2/1977,1,19:58:00,wlh5Q1x39cU
144,,158,11/2/1977,2,10:54:00,zK6zMJ667Po
142,,159,11/3/1977,,30:46:00,89nqX6Nq8oM
147,Anne's house. Newton& Massachusetts.,160,11/6/1977,1,16:10:00,pE5zY98Lsqo
148,Anne's house. Newton& Massachusetts.,161,11/6/1977,2,10:04:00,F1tYy5ZheT0
150,,162,11/10/1977,,30:52:00,XcUB1GiBKqs
149,,163,11/13/1977,,25:17:00,CERPPWkARbc
620,,164,11/13/1977,,5:10:00,ElYXWzlp6-Q
151,,165,11/14/1977,,45:47:00,2zq21iLY1YQ
145,,166,11/15/1977,1,9:26:00,xpJoANIrkPY
146,,167,11/15/1977,2,18:24:00,ObA1mpXVWhs
156,,168,11/15/1977,3,21:16:00,voRg8pZNb8U
152,,169,11/16/1977,1,45:20:00,yVmOre7KAfg
157,,170,11/16/1977,2,6:27:00,aDcSMsWw43E
158,,171,11/16/1977,3,0:18:00,ChGFdudy1Hg
160,,172,11/16/1977,4,45:03:00,VI8X-GJfTDk
134,,173,11/20/1977,,9:41:00,wWWJMQDomoQ
159,,174,11/23/1977,1,45:35:00,d5dDi0qLauA
140,,175,11/23/1977,2,24:33:00,F6W5uKAt4HY
162,,176,11/28/1977,,31:30:00,yvhE4mYpEnA
161,,177,11/29/1977,,31:23:00,OUPGbOLhLhU
165,,178,11/30/1977,,31:13:00,5sgx0BOgE8I
163,,179,12/3/1977,,25:44:00,h4DMGhXLjLU
164,,180,12/5/1977,1,5:29:00,sbwSLiR7w9o
166,,181,12/5/1977,2,30:41:00,g6Nixn3FVok
167,,182,12/6/1977,,30:57:00,Jnn2BKd17Lc
168,,183,12/7/1977,1,30:49:00,laIoPD0N0Mc
170,,184,12/7/1977,2,13:54:00,eTqktIJ97AU
169,,185,12/7/1977,3,2:54:00,OlzSvugEc3g
172,,186,12/12/1977,,30:51:00,0TKg9WZcaXI
175,,187,12/16/1977,,30:23:00,3SXtb3Ugnbs
173,The Kitchen. New York& New York.,188,12/18/1977,1,1:31:00,Oq8_Li8LpPs
176,The Kitchen. New York& New York.,189,12/18/1977,2,31:14:00,JiTHJ078dPo
177,The Kitchen. New York& New York.,190,12/18/1977,3,11:08:00,Jb73lRhxuAk
174,The Kitchen. New York& New York.,191,12/18/1977,4,3:57:00,6AMcBJSg4n4
178,,192,12/26/1977,,30:24:00,iZqXhKz0AJc
179,,193,12/27/1977,1,30:37:00,iHW3TQaQaUA
180,,194,12/27/1977,2,30:31:00,sMkmhmBgEeI
182,,195,1977-12-27& 1977-12-28,1,28:39:00,OhAtrjNLg70
621,,196,1977-12-27& 1977-12-28,2,16:49:00,h9rsimo-mnk
181,,197,12/28/1977,,45:32:00,uuuP9wuY0zk
186,The Kitchen. New York& New York.,198,12/29/1977,1,7:58:00,SK5HSFOtMNM
185,The Kitchen. New York& New York.,199,12/29/1977,2,20:45:00,7m2a4RtfwAU
184,The Kitchen. New York& New York.,200,12/29/1977,3,10:06:00,YzdaLIWAlHE
183,The Kitchen. New York& New York.,201,12/29/1977,4,4:18:00,NGfjSQsbQ50
188,Tiding Over'. The Kitchen. New York& New York.,202,12/29/1977,5,4:40:00,5RqPtWvWiEg
189,Tiding Over'. The Kitchen. New York& New York.,203,12/29/1977,6,4:54:00,KTeZx4nV26Q
187,Tiding Over'. The Kitchen. New York& New York.,204,12/29/1977,7,25:54:00,gbSXxZ0FEFo
622,Tiding Over'. The Kitchen. New York& New York.,205,12/29/1977,8,24:55:00,wFCc7q8eYYc
190,The Kitchen. New York& New York.,206,12/30/1977,1,31:07:00,FEI8Smyuoyw
191,The Kitchen. New York& New York.,207,12/30/1977,2,20:06:00,Z3nBWRhhO18
192,Tiding Over'. The Kitchen. New York& New York.,208,12/30/1977,3,31:10:00,TivD1t1uKVM
193,Tiding Over'. The Kitchen. New York& New York.,209,12/30/1977,4,21:59:00,TzKgLHfm8ec
195,Anne's house. Newton& Massachusetts.,210,1/1/1978,1,30:54:00,Su-iMSrq-YU
196,Anne's house. Newton& Massachusetts.,211,1/1/1978,2,1:26:00,g4GZ2l9iolE
194,Anne's house. Newton& Massachusetts.,212,1/1/1978,3,6:01:00,iAwwvf-52Ag
197,Anne's house. Newton& Massachusetts.,213,1/1/1978,4,31:02:00,XyBJUU0H3e8
198,Anne's house. Newton& Massachusetts.,214,1/1/1978,5,5:59:00,AqQnDfFUyKY
199,,215,1/2/1978,,18:00:00,uCF6_J_lPS4
171,,216,1/13/1978,,30:41:00,RKQHNq4s2ZQ
200,,217,1/19/1978,,28:06:00,F6AeE_-cc0g
204,,218,1/20/1978,,30:55:00,MzvqPJ808Tc
205,,219,1/21/1978,,30:53:00,E7PNUfBu9kQ
206,,220,1/22/1978,1,30:36:00,4YwUi54inG0
207,,221,1/22/1978,2,30:39:00,mtY9iyuwxyA
208,,222,1/23/1978,1,24:30:00,SOo6SKCk22Q
209,,223,1/23/1978,2,31:06:00,Ywbmu2ivIVM
623,,224,1/23/1978,3,5:03:00,dwumWMSSya4
210,,225,1/24/1978,1,25:02:00,UdTOUZAzRC4
601,,226,1/24/1978,2,5:23:00,QOdoFBm2ax4
211,,227,1/24/1978,3,30:38:00,gjxSFUTJeBw
201,,228,1978-01-Unknown,1,10:18:00,xOaC7vL8-Qg
202,,229,1978-01-Unknown,2,10:58:00,gTPXm-qMNAs
203,,230,1978-01-Unknown,3,6:37:00,m_Me8TmJYro
213,,231,2/6/1978,1,26:49:00,oO8rk4nb37I
212,,232,2/6/1978,2,3:36:00,lJnmW0QiROs
624,,233,2/6/1978,3,3:43:00,YI22k8S6Tc0
214,Pacific Film Archive. Berkeley& California.,234,3/2/1978,,25:40:00,hvXUnW34jT0
216,Conrad family home. Baldwin& Maryland. Steinway piano.,235,3/18/1978,1,26:49:00,xSekx6qTQ-8
217,Conrad family home. Baldwin& Maryland. Steinway piano.,236,3/18/1978,2,3:53:00,DRgsPK9pclM
215,Conrad family home. Baldwin& Maryland. Steinway piano.,237,3/18/1978,3,30:55:00,ICY30yWStOo
218,Conrad family home. Baldwin& Maryland. Steinway piano. With Dan.,238,3/18/1978,4,22:23:00,Vv_RRTNusKk
219,Conrad family home. Baldwin& Maryland. Steinway piano. With Dan.,239,3/18/1978,5,5:18:00,-xvbJPeq6Tg
220,Conrad family home. Baldwin& Maryland. Steinway piano. With Dan.,240,3/18/1978,6,3:05:00,5TBVBBzIOEk
221,Conrad family home. Baldwin& Maryland. Steinway piano.,241,3/19/1978,1,30:59:00,zTGIe_iGWq8
222,Conrad family home. Baldwin& Maryland. Steinway piano. With Dan.,242,3/19/1978,2,30:08:00,s670SIxjVfc
223,Conrad family home. Baldwin& Maryland. Steinway piano. With Dan.,243,3/19/1978,3,30:11:00,7hewp4k7zyU
225,Conrad family home. Baldwin& Maryland. Steinway piano.,244,3/19/1978,4,16:06:00,SfQi-7vU-10
226,Conrad family home. Baldwin& Maryland. Steinway piano.,245,3/19/1978,5,13:38:00,Cqp5-Y7jZrc
224,Conrad family home. Baldwin& Maryland. Steinway piano.,246,3/20/1978,,13:58:00,dgZ8WvUoOsU
227,Anne's house. Newton& Massachusetts.,247,3/25/1978,1,12:44:00,yBcr8amyQsA
228,Anne's house. Newton& Massachusetts.,248,3/25/1978,2,2:27:00,ky5xei9x3wk
229,Anne's house. Newton& Massachusetts.,249,3/25/1978,3,12:27:00,Yj79W3sMV5k
230,Anne's house. Newton& Massachusetts.,250,3/25/1978,4,15:11:00,SJgznjMUXrU
231,,251,4/26/1978,,40:59:00,mqShtLHZboY
233,,252,6/25/1978,1,30:45:00,jwCBD4rtta8
234,,253,6/25/1978,2,30:33:00,IW2kH7tY11U
237,,254,6/27/1978,,30:44:00,IrBfjpFeyyM
235,,255,6/28/1978,1,13:50:00,_d3Vgqz1F1M
236,,256,6/28/1978,2,16:34:00,vdHCXZrweYs
238,,257,6/29/1978,1,46:09:00,W74V_9Vi6wg
239,,258,6/29/1978,2,46:14:00,f3Z24HWD8Ss
241,,259,6/29/1978,3,46:17:00,-naCw8sPC4g
240,,260,7/3/1978,1,46:18:00,prSNIpAqyoA
242,,261,7/3/1978,2,30:43:00,85Cli5CoBS0
243,,262,7/3/1978,3,30:46:00,p9U1UBm2ufk
244,,263,7/4/1978,1,28:16:00,K1wAJftgch4
625,,264,7/4/1978,2,3:59:00,jT_xL5EKsrU
626,,265,7/4/1978,3,7:12:00,VHMvw2SqroI
627,,266,7/4/1978,4,4:11:00,oXOyae4bNRM
246,,267,7/6/1978,1,30:35:00,16YXBV51W0Y
247,,268,7/6/1978,2,9:58:00,a1uTEBQOmxA
248,,269,7/6/1978,3,19:44:00,gcmWA4puttI
245,,270,7/9/1978,,46:18:00,p2aEZi4Dpzo
249,,271,7/11/1978,1,30:02:00,DR9yYAb2o2E
250,,272,7/11/1978,2,30:42:00,wD6iRAvxvl4
251,,273,7/11/1978,3,30:35:00,Tu299m30F00
252,,274,7/11/1978,4,30:36:00,rsoXTABUEXQ
253,,275,7/11/1978,5,30:40:00,ffOljkfDtUA
254,,276,7/11/1978,6,30:46:00,HeuHR35CJQg
255,,277,7/12/1978,1,30:45:00,ltUPzS6GxdY
256,,278,7/12/1978,2,30:49:00,sTA8QDyQsl8
257,,279,7/19/1978,1,20:25:00,SJUCIn2kUow
258,,280,7/19/1978,2,30:39:00,OmCxDB0JyJU
259,,281,7/19/1978,3,30:26:00,UMY5VuqHY9Q
260,,282,7/24/1978,4,30:40:00,EppRf4dTIAA
261,,283,7/26/1978,1,30:37:00,rMTF0s0_m-I
262,,284,7/26/1978,2,30:39:00,KOKzH-gBU2o
263,,285,7/27/1978,1,46:28:00,0eBUgXVdiHA
264,,286,7/27/1978,2,29:37:00,Vuwx0yCeP1A
265,,287,8/2/1978,1,30:41:00,yUU5uxyWLpw
266,,288,8/3/1978,2,30:45:00,PYaDhB2KLkQ
269,,289,1978-08-03& 1978-08-04,,24:14:00,ZfqC3jXY0z4
267,,290,8/4/1978,1,6:37:00,RdJYZHO4bbY
268,,291,8/4/1978,2,31:18:00,mFtK2aRWJ60
271,,292,8/8/1978,1,28:35:00,ePEby3GWG-M
628,,293,8/8/1978,2,1:46:00,qHOAyiVdKKQ
270,,294,8/10/1978,,30:55:00,LYgMOUwRujg
274,Yellow Springs& Ohio. Ted's piano.,295,1978-09-04& 1978-09-05,,31:14:00,ED_0M01YtPw
276,,296,9/20/1978,,12:38:00,MMh06syIhCo
279,,297,9/22/1978,,31:10:00,--l_r7jtG1E
280,,298,9/27/1978,,21:09:00,JURXOSMgeHE
273,,299,1978-09-Unknown,,30:32:00,SvcFjdT3PBA
281,,300,10/5/1978,,30:27:00,Em4GuFOcjxw
277,,301,1978-10-13& 1978-10-14,1,18:07:00,K9boqO2Ue8c
278,,302,1978-10-13& 1978-10-14,2,5:34:00,2nHpuHRowqg
285,,303,10/24/1978,,28:47:00,j2M-WTls3bI
287,Unknown public library. Electric piano.,304,10/26/1978,1,30:52:00,KgIDiztR6yc
288,Unknown public library. Electric piano.,305,10/26/1978,2,30:52:00,4amftUcEjVk
289,,306,10/27/1978,1,30:54:00,yBuq6F_1EAo
290,,307,10/27/1978,2,30:48:00,KHT-Xs2S_P4
272,,308,1978-10-Unknown,,27:25:00,t4gjVrSM5_I
629,,309,1978-10-Unknown,,2:50:00,9Lh8wzCXrEk
291,,310,11/1/1978,,30:42:00,aBqN9QJXLjs
292,,311,11/5/1978,1,30:42:00,2ZS5X8k7OLw
293,,312,11/5/1978,2,46:04:00,DBo7K6Qx4EI
282,,313,11/6/1978,,30:34:00,5H8IQMJhOis
294,,314,11/16/1978,1,46:05:00,P4Hg1s-BKj4
296,,315,11/16/1978,2,4:03:00,u7Bcbz7_hTM
297,Media Study storefront. University at Buffalo& New York. Weber piano. With Andre and John.,316,11/17/1978,1,27:44:00,APyiV9_uXq4
298,Media Study storefront. University at Buffalo& New York. Weber piano. With Andre and John.,317,11/17/1978,2,2:42:00,LFiing7cxcs
299,Conrad family home. Baldwin& Maryland. Steinway piano.,318,11/24/1978,1,12:14:00,IcHGmLCbtO8
300,Conrad family home. Baldwin& Maryland. Steinway piano.,319,11/24/1978,2,30:38:00,kHp8tIUcsQY
630,Conrad family home. Baldwin& Maryland. Steinway piano.,320,11/24/1978,3,17:08:00,wbHZUnpyQ24
301,Hallwalls Contemporary Art Center. Buffalo& New York.,321,1/15/1979,1,2:54:00,mr4y9CID_L4
302,Hallwalls Contemporary Art Center. Buffalo& New York.,322,1/15/1979,2,26:23:00,zM9eJ_l-dqw
303,Hallwalls Contemporary Art Center. Buffalo& New York.,323,1/15/1979,3,27:19:00,rnK0iOetcms
304,Hallwalls Contemporary Art Center. Buffalo& New York.,324,1/16/1979,1,25:08:00,kMB7SLsTmDc
305,Hallwalls Contemporary Art Center. Buffalo& New York.,325,1/16/1979,2,4:36:00,xDER6c_u21w
306,Hallwalls Contemporary Art Center. Buffalo& New York.,326,1/16/1979,3,9:45:00,dDg8RUVTVgw
631,Hallwalls Contemporary Art Center. Buffalo& New York.,327,1/16/1979,4,20:01:00,7ug-TFV6cW0
307,Hallwalls Contemporary Art Center. Buffalo& New York.,328,1/17/1979,1,30:43:00,297di3tkwRg
308,Hallwalls Contemporary Art Center. Buffalo& New York.,329,1/17/1979,2,30:45:00,k7c4-yu3kA4
309,Hallwalls Contemporary Art Center. Buffalo& New York.,330,1/18/1979,1,29:54:00,KgqxB8jQyDg
310,Hallwalls Contemporary Art Center. Buffalo& New York.,331,1/18/1979,2,23:25:00,wAyW6FEPZgk
311,Hallwalls Contemporary Art Center. Buffalo& New York.,332,1/20/1979,1,30:54:00,gFuAVu32LRA
312,Hallwalls Contemporary Art Center. Buffalo& New York.,333,1/20/1979,2,30:53:00,MqOlEOUDKcs
317,Hallwalls Contemporary Art Center. Buffalo& New York.,334,1/21/1979,1,30:49:00,2LhTVMdJ-1I
318,Hallwalls Contemporary Art Center. Buffalo& New York.,335,1/21/1979,2,30:51:00,pInF7jRAyBc
315,Hallwalls Contemporary Art Center. Buffalo& New York.,336,1/21/1979,3,19:50:00,SERQXCT_Ar4
316,Hallwalls Contemporary Art Center. Buffalo& New York.,337,1/21/1979,4,4:36:00,Jj8l7Yk0260
319,Hallwalls Contemporary Art Center. Buffalo& New York.,338,1/22/1979,1,30:52:00,KpqajYQf5jI
320,Hallwalls Contemporary Art Center. Buffalo& New York.,339,1/22/1979,2,30:45:00,LfJW3WeBk68
321,Hallwalls Contemporary Art Center. Buffalo& New York.,340,1/23/1979,1,30:55:00,Z9uQ-KLO1q0
322,Hallwalls Contemporary Art Center. Buffalo& New York.,341,1/23/1979,2,31:08:00,R3Bq0A4Qlwk
314,Hallwalls Contemporary Art Center. Buffalo& New York.,342,1/23/1979,3,6:14:00,H0gU4fswyOk
323,Hallwalls Contemporary Art Center. Buffalo& New York.,343,1/24/1979,1,30:38:00,p0YrwykP1xI
324,Hallwalls Contemporary Art Center. Buffalo& New York.,344,1/24/1979,2,6:39:00,ln-7p7nLwOI
632,Hallwalls Contemporary Art Center. Buffalo& New York.,345,1/24/1979,3,8:13:00,zgufqX3RTNY
313,,346,1/25/1979,,30:54:00,JrzHDCNNu2I
325,Hallwalls Contemporary Art Center. Buffalo& New York.,347,2/5/1979,1,15:41:00,Ldjkk2Slh-Y
326,Hallwalls Contemporary Art Center. Buffalo& New York.,348,2/5/1979,2,3:57:00,4QGFAYVdF7s
329,University at Buffalo& New York. Weber piano.,349,2/13/1979,,23:28:00,c6I1ez8UX0o
633,University at Buffalo& New York. Weber piano.,350,2/13/1979,,6:34:00,RURya3U7XWk
328,,351,2/26/1979,,28:29:00,RN_LW_gHHxk
330,University at Buffalo& New York. Weber piano.,352,2/27/1979,1,15:49:00,FChcmegXCkU
331,University at Buffalo& New York. Weber piano.,353,2/27/1979,2,15:50:00,gmIQpPg9iSs
332,University at Buffalo& New York. Weber piano.,354,2/28/1979,1,6:15:00,XqYHx_9LOfQ
333,University at Buffalo& New York. Weber piano.,355,2/28/1979,2,0:40:00,b-p8lv0L59Y
334,University at Buffalo& New York. Weber piano.,356,2/28/1979,3,13:56:00,ofCu9BhB3VI
335,University at Buffalo& New York. Weber piano.,357,2/28/1979,4,15:28:00,T6jYqKr_UUU
338,,358,3/19/1979,,30:00:00,v3ycE6P_X8c
336,,359,3/22/1979,1,16:06:00,w1YE6exHIIE
337,,360,3/22/1979,2,8:58:00,SK5ZDTVmSOA
339,,361,4/6/1979,1,5:33:00,V38DDxpFpw4
340,,362,4/6/1979,2,30:16:00,FkjA9He1lxo
341,Peterborough& Ontario.,363,4/25/1979,1,2:33:00,SE_HhEd32TE
342,Peterborough& Ontario.,364,4/25/1979,2,20:05:00,4jkdizF5Hms
634,Peterborough& Ontario.,365,4/25/1979,3,22:26:00,PAeTgavwpQU
343,,366,5/20/1979,1,30:43:00,Pw8NxFIzHZQ
344,,367,5/20/1979,2,25:41:00,fGA5Sx-zXFE
345,With Andre.,368,5/20/1979,3,30:54:00,mFkanZOkrEI
346,With Andre.,369,5/20/1979,4,30:51:00,hu_enVSjLuw
347,University at Buffalo& New York. Weber piano.,370,5/21/1979,1,30:47:00,PQqOAb9tq-8
348,University at Buffalo& New York. Weber piano.,371,5/21/1979,2,8:05:00,KmYgoz0uYIo
349,University at Buffalo& New York. Weber piano.,372,5/21/1979,3,4:07:00,qaAh5gUhizs
350,University at Buffalo& New York. Weber piano.,373,5/23/1979,1,16:04:00,0JFEA0ZgxAQ
351,University at Buffalo& New York. Weber piano.,374,5/23/1979,2,14:29:00,bnWmtGWcVfQ
352,University at Buffalo& New York. Weber piano.,375,5/23/1979,3,26:24:00,6C7aeF1Sa9w
353,University at Buffalo& New York. Weber piano.,376,5/23/1979,4,4:20:00,qmaEOwaoluk
354,University at Buffalo& New York. Weber piano.,377,5/24/1979,1,30:49:00,P3pZNh5LMok
355,University at Buffalo& New York. Weber piano.,378,5/24/1979,2,30:47:00,5e9vs0juJXo
356,University at Buffalo& New York. Weber piano.,379,5/24/1979,3,3:32:00,0YdsXX6OejE
357,University at Buffalo& New York. Weber piano.,380,5/27/1979,1,18:33:00,PueuhDqpj2w
358,University at Buffalo& New York. Weber piano.,381,5/27/1979,2,30:55:00,sUaTChXc3Cw
635,University at Buffalo& New York. Weber piano.,382,5/27/1979,2,12:57:00,crpLmpISzy8
359,University at Buffalo& New York. Weber piano.,383,5/28/1979,1,14:10:00,wG-W7NjhCMw
360,University at Buffalo& New York. Weber piano.,384,5/28/1979,2,16:27:00,n4E-LLpWa_o
361,University at Buffalo& New York. Weber piano.,385,5/28/1979,3,30:36:00,Zgy6Lr78ydQ
365,David's cimbalom.,386,6/2/1979,1,14:58:00,mk51qdNS3HQ
366,University at Buffalo& New York. Weber piano.,387,6/2/1979,2,28:25:00,mbSJz79AcxA
363,David's cimbalom.,388,6/3/1979,,13:53:00,MzyORd9O0Jg
362,University at Buffalo& New York. Weber piano.,389,6/4/1979,1,16:35:00,SnGY4Btf_WA
663,University at Buffalo& New York. Weber piano.,390,6/4/1979,2,13:00:00,aHq9nji1iJs
364,University at Buffalo& New York. Weber piano.,391,6/5/1979,,43:45:00,3GxgWiDo9s4
367,University at Buffalo& New York. Weber piano.,392,6/6/1979,1,5:38:00,i1A1SOd5daM
368,University at Buffalo& New York. Weber piano.,393,6/6/1979,2,24:48:00,rEI6fWxxyT8
369,University at Buffalo& New York. Weber piano.,394,6/6/1979,3,30:38:00,t0C0fqn9W8Y
370,University at Buffalo& New York. Weber piano.,395,6/11/1979,1,30:38:00,0x0ByKK58w4
371,University at Buffalo& New York. Weber piano.,396,6/11/1979,2,30:41:00,t0lJiPtntR8
372,University at Buffalo& New York. Weber piano.,397,6/11/1979,3,30:55:00,Z26DQJZ1Fyo
373,University at Buffalo& New York. Weber piano.,398,6/12/1979,1,30:49:00,wEBROe1JDyE
374,University at Buffalo& New York. Weber piano.,399,6/12/1979,2,12:10:00,9OCdHqNXjuU
375,University at Buffalo& New York. Weber piano.,400,6/12/1979,3,18:32:00,4qA06-SscF8
376,University at Buffalo& New York. Weber piano.,401,6/12/1979,4,30:52:00,K6hlKZB9wro
377,University at Buffalo& New York. Weber piano.,402,6/13/1979,1,30:44:00,fV5tw_Q9gNM
379,University at Buffalo& New York. Weber piano.,403,6/13/1979,2,15:04:00,samCZ5eAbLk
381,The Kitchen. New York& New York.,404,6/14/1979,,23:27:00,Oym9TUijx-E
382,,405,1979-06-18& 1979-08-20,1,0:14:00,bGvAml-xs5c
383,,406,1979-06-18& 1979-08-20,2,29:50:00,qWm6_AWeltQ
384,,407,1979-06-18& 1979-08-20,3,10:13:00,k49qQnG0H2Q
385,,408,1979-06-18& 1979-08-20,4,3:56:00,u9iqCiHfOOk
386,,409,1979-06-18& 1979-08-20,5,6:27:00,44YOs5EFPW4
387,,410,1979-06-18& 1979-08-20,6,9:47:00,Y5ey2FlwgdQ
388,University at Buffalo& New York. Weber piano.,411,6/19/1979,1,25:57:00,SbFXeOfsan0
389,University at Buffalo& New York. Weber piano.,412,6/19/1979,2,3:59:00,rTdW52Ombiw
390,University at Buffalo& New York. Weber piano.,413,6/19/1979,3,30:20:00,461boOeJX0w
391,University at Buffalo& New York. Weber piano.,414,6/29/1979,1,28:39:00,V-tB1KCStAw
392,University at Buffalo& New York. Weber piano.,415,6/29/1979,2,23:59:00,YGcQ_hEaDBc
393,University at Buffalo& New York. Weber piano.,416,6/29/1979,3,6:27:00,JRvvf1amvm8
396,,417,1979-07-16& 1979-07-17& 1979-07-19,,30:51:00,anH7j-ngpEo
394,,418,1979-07-Unknown,1,30:20:00,wKdmg7WHTNM
395,,419,1979-07-Unknown,2,7:50:00,I7ijS9ZnW9Q
399,University at Buffalo& New York. Weber piano.,420,8/5/1979,,24:55:00,LtHw0eFe4FU
398,University at Buffalo& New York. Weber piano.,421,8/6/1979,,31:09:00,_1CPa2QWB2M
402,University at Buffalo& New York. Weber piano.,422,8/7/1979,1,23:23:00,HAaG2na6Eg4
636,University at Buffalo& New York. Weber piano.,423,8/7/1979,2,6:42:00,1QFHvW39Fes
400,University at Buffalo& New York. Weber piano.,424,8/8/1979,1,14:12:00,PZMkLWLnb7o
401,University at Buffalo& New York. Weber piano.,425,8/8/1979,2,15:59:00,gzRtSfKMe9I
403,University at Buffalo& New York. Weber piano.,426,8/8/1979,3,25:13:00,NeDt_N8t2HI
404,University at Buffalo& New York. Weber piano.,427,8/8/1979,4,5:21:00,tfJYO8CF2h0
405,University at Buffalo& New York. Weber piano.,428,8/8/1979,5,6:21:00,cnmGvktvYF8
637,University at Buffalo& New York. Weber piano.,429,8/8/1979,6,11:45:00,WRSfi_Ey4Go
406,WYSO radio station. Antioch College. Yellow Springs& Ohio.,430,8/13/1979,,24:58:00,feoXseHA-fY
407,WYSO radio station. Antioch College. Yellow Springs& Ohio.,431,1979-08-16& 1979-08-18,1,3:03:00,It5u1SnCu4Q
408,WYSO radio station. Antioch College. Yellow Springs& Ohio.,432,1979-08-16& 1979-08-18,2,10:14:00,wzve8Jc74Wc
409,Yellow Springs& Ohio. Ted's piano.,433,8/18/1979,1,4:47:00,m-POHC_Wdh8
410,Yellow Springs& Ohio. Ted's piano.,434,8/18/1979,2,1:55:00,CVEiluR3W1o
411,Yellow Springs& Ohio. Ted's piano.,435,8/18/1979,3,0:16:00,CuBu5xmx6aM
412,University at Buffalo& New York. Weber piano.,436,8/20/1979,,17:34:00,rrvls9vNztI
414,,437,1979-08-22& 1979-09-04& 1979-09-12& 1979-09-16,1,9:56:00,fzX6W86qE2E
415,,438,1979-08-22& 1979-09-04& 1979-09-12& 1979-09-16,2,16:25:00,h8YJ8fR1ObE
416,,439,1979-08-22& 1979-09-04& 1979-09-12& 1979-09-16,3,20:39:00,cvTUzPAAliQ
417,,440,1979-08-22& 1979-09-04& 1979-09-12& 1979-09-16,4,11:25:00,CFIYrJTjF5M
418,,441,1979-08-22& 1979-09-04& 1979-09-12& 1979-09-16,5,12:48:00,Hx2d9uqewhs
419,University at Buffalo& New York. Weber piano.,442,8/23/1979,1,28:12:00,rvazfXwf7_c
420,University at Buffalo& New York. Weber piano.,443,8/23/1979,2,2:49:00,Mg_lJxIvnEc
421,University at Buffalo& New York. Weber piano.,444,8/25/1979,1,30:42:00,c0DFFny6FF8
422,University at Buffalo& New York. Weber piano.,445,8/25/1979,2,30:38:00,pDPXziL7QVQ
423,,446,9/3/1979,,30:27:00,0LEgs4ffznA
424,,447,9/4/1979,,30:53:00,C5eUz1zAEpI
425,,448,9/5/1979,,30:43:00,nBlZOxuewgk
426,University at Buffalo& New York. Weber piano.,449,10/16/1979,,7:39:00,fkVwazIm3jE
638,University at Buffalo& New York. Weber piano.,450,10/16/1979,,38:44:00,cNDL7JIFJdE
427,University at Buffalo& New York. Weber piano.,451,10/18/1979,,47:01:00,7pFLkC7J_sE
430,University at Buffalo& New York. Weber piano.,452,10/22/1979,1,12:44:00,RqmiNV5SvwE
639,University at Buffalo& New York. Weber piano.,453,10/22/1979,2,33:55:00,PSvhmT2uKJE
428,,454,10/25/1979,1,9:25:00,41L-V53g69Y
429,,455,10/25/1979,2,27:42:00,1A8Txo6bW30
640,,456,10/25/1979,3,9:16:00,Parx00jLmV4
431,University at Buffalo& New York. Weber piano.,457,10/26/1979,1,30:20:00,5fIVkmrI0Hc
432,University at Buffalo& New York. Weber piano.,458,10/26/1979,2,31:45:00,OGITXJllkKE
433,University at Buffalo& New York. Weber piano.,459,10/28/1979,1,15:25:00,EAnL5gA94-c
434,University at Buffalo& New York. Weber piano.,460,10/28/1979,2,31:34:00,1jKaazh7Tm8
641,University at Buffalo& New York. Weber piano.,461,10/28/1979,3,16:00:00,G24sVZgn4T4
436,PS1. Long Island City& New York. Steinway piano.,462,11/4/1979,1,11:18:00,zKEe9teF0cI
438,PS1. Long Island City& New York. Steinway piano.,463,11/4/1979,2,36:16:00,p9V5C4Ze9NM
439,David's cimbalom.,464,11/4/1979,3,10:00:00,TCfgIKCQ_iU
437,,465,11/10/1979,,14:45:00,mviYpK_o4jo
440,University at Buffalo& New York. Weber piano.,466,11/16/1979,1,30:59:00,LDF1mAShcFo
441,University at Buffalo& New York. Weber piano.,467,11/16/1979,2,31:02:00,H-EUHfIWqBc
442,Hallwalls Contemporary Art Center. Buffalo& New York.,468,11/18/1979,,11:16:00,rnyZdDd2i2c
443,Hallwalls Contemporary Art Center. Buffalo& New York. Stuyvesant Pianola piano.,469,11/21/1979,1,30:56:00,UUeWp-rSeRw
444,Hallwalls Contemporary Art Center. Buffalo& New York. Stuyvesant Pianola piano.,470,11/21/1979,2,29:25:00,U2b7RxdMsMc
445,Antioch College. Yellow Springs& Ohio.,471,1979-11-24& 1979-11-25,1,2:25:00,zJVg4Xl_bWE
602,Antioch College. Yellow Springs& Ohio.,472,1979-11-24& 1979-11-25,2,1:42:00,U9EggZO6kXk
603,Antioch College. Yellow Springs& Ohio.,473,1979-11-24& 1979-11-25,3,1:50:00,JJKWdsXV58c
447,Hallwalls Contemporary Art Center. Buffalo& New York. Farfisa organ.,474,12/1/1979,1,47:10:00,v74EpztPEw4
642,Hallwalls Contemporary Art Center. Buffalo& New York. Farfisa organ.,475,12/1/1979,2,34:46:00,VmGQB0uKfxs
448,University at Buffalo& New York. Weber piano.,476,12/2/1979,,17:34:00,lR5Se9ySvDo
446,Hallwalls Contemporary Art Center. Buffalo& New York.,477,12/7/1979,1,13:19:00,PEceBbXrMX0
451,Albany& New York.,478,12/7/1979,2,37:57:00,KAPyX8GHhx8
452,University of California& San Diego. Yamaha piano.,479,1/13/1980,1,30:25:00,ONKpvJUJNrA
453,University of California& San Diego. Yamaha piano.,480,1/13/1980,2,30:24:00,fwOc7sueJGc
449,University at Buffalo& New York. Weber piano.,481,1/15/1980,1,12:55:00,q9bG4puhSnY
450,University at Buffalo& New York. Weber piano.,482,1/15/1980,2,30:35:00,Qbn4boBrX9c
454,University of California& San Diego. Yamaha piano.,483,1/16/1980,1,30:31:00,tGlqzRrV9FQ
455,University of California& San Diego. Yamaha piano.,484,1/16/1980,2,7:28:00,dTM1Vp6t394
643,University of California& San Diego. Yamaha piano.,485,1/16/1980,2,22:25:00,6ykPRM8MU9k
456,University of California& San Diego. Yamaha piano.,486,1/18/1980,1,1:07:00,btATwva-sdg
457,University of California& San Diego. Yamaha piano.,487,1/18/1980,2,5:50:00,cuj3GRAu_1g
644,University of California& San Diego. Yamaha piano.,488,1/18/1980,3,2:40:00,gVvDMCP8Ock
645,University of California& San Diego. Yamaha piano.,489,1/18/1980,4,40:53:00,k3WoafOZkT8
458,University of California& San Diego. Yamaha piano.,490,1/22/1980,1,30:45:00,caO5wNiznY8
459,University of California& San Diego. Yamaha piano.,491,1/22/1980,2,27:01:00,gTuLYk0BxaI
460,University of California& San Diego. Yamaha piano.,492,1/24/1980,,45:59:00,rETyNrcCmYA
461,University of California& San Diego. Yamaha piano.,493,2/27/1980,1,30:52:00,oBf60_FBF9k
462,University of California& San Diego. Yamaha piano.,494,2/27/1980,2,30:50:00,eK60IUamBug
463,University of California& San Diego. Yamaha piano.,495,3/5/1980,1,31:17:00,nknJmm0g3-4
464,University of California& San Diego. Yamaha piano.,496,3/5/1980,2,25:23:00,xdYBSTZPAAU
646,University of California& San Diego. Yamaha piano.,497,3/5/1980,3,5:23:00,21_Xpw8FUTc
465,University of California& San Diego. Yamaha piano.,498,3/7/1980,,46:09:00,Xuri4702J7M
466,University of California& San Diego. Yamaha piano.,499,4/27/1980,1,30:52:00,kB4h6wcFaZA
467,University of California& San Diego. Yamaha piano.,500,4/27/1980,2,30:55:00,7CCoa9nR3a4
468,University of California& San Diego. Yamaha piano.,501,4/28/1980,1,30:44:00,hx1zJmioQ0E
469,University of California& San Diego. Yamaha piano.,502,4/28/1980,2,30:50:00,mVkzXkWjq4A
470,University of California& San Diego. Yamaha piano.,503,4/29/1980,1,30:56:00,ORs5LLwKh04
471,University of California& San Diego. Yamaha piano.,504,4/29/1980,2,30:58:00,w3vR0BGb8-w
472,University of California& San Diego. Yamaha piano.,505,4/30/1980,1,31:00:00,2QcJCPdkixw
473,University of California& San Diego. Yamaha piano.,506,4/30/1980,2,31:04:00,zDUdjNX7CD8
474,University of California& San Diego. Yamaha piano.,507,5/2/1980,1,16:51:00,h-crVJNL5WQ
475,University of California& San Diego. Yamaha piano.,508,5/2/1980,2,13:25:00,6Mg5K6Joldw
476,University of California& San Diego. Yamaha piano.,509,5/2/1980,3,30:52:00,kOnQgfIhiWM
477,Third Street Music School. Buffalo& New York. Steinway piano.,510,5/5/1980,1,47:09:00,rGRFimROIzM
478,Third Street Music School. Buffalo& New York. Steinway piano.,511,5/5/1980,2,32:59:00,cbkVNeQNwpM
479,Third Street Music School. Buffalo& New York. Steinway piano.,512,5/5/1980,3,7:21:00,SZk5TK39zc0
480,Third Street Music School. Buffalo& New York. Steinway piano.,513,5/6/1980,1,47:12:00,YlQjJd1zyRk
481,Third Street Music School. Buffalo& New York. Steinway piano.,514,5/6/1980,2,47:13:00,jd-lT8bVElo
482,Third Street Music School. Buffalo& New York. Steinway piano.,515,5/7/1980,1,47:38:00,K7cxFVvLank
483,Third Street Music School. Buffalo& New York. Steinway piano.,516,5/7/1980,2,47:49:00,Cx6OwCdwTQY
484,Third Street Music School. Buffalo& New York. Steinway piano.,517,5/8/1980,1,47:54:00,YAsFXbahZaI
485,Third Street Music School. Buffalo& New York. Steinway piano.,518,5/8/1980,2,47:57:00,xh4v-MpMrx8
486,The Kitchen. New York& New York.,519,5/9/1980,1,22:39:00,mHvN-y033Kg
487,The Kitchen. New York& New York.,520,5/9/1980,2,24:05:00,UlhzWXiv0RY
488,The Kitchen. New York& New York.,521,5/9/1980,3,32:28:00,ERZpB84Dw6U
489,The Kitchen. New York& New York.,522,5/10/1980,1,46:13:00,s08HeGXdAdw
490,The Kitchen. New York& New York.,523,5/10/1980,2,34:55:00,CUkCz-RGdBg
647,The Kitchen. New York& New York.,524,5/10/1980,2,1:04:00,OtfTfPsBrYk
491,University of California& San Diego. Yamaha 136 piano.,525,5/12/1980,1,47:15:00,I4ZclP2_WhQ
492,University of California& San Diego. Yamaha 136 piano.,526,5/12/1980,2,47:11:00,jWG5jEfMolc
493,University of California& San Diego. Yamaha CLP 133 piano.,527,5/23/1980,1,47:20:00,9MibU-WqAII
494,University of California& San Diego. Yamaha CLP 133 piano.,528,5/23/1980,2,9:55:00,1onlXx3Y48o
495,University of California& San Diego. Yamaha CLP 133 piano.,529,5/23/1980,3,37:28:00,HOO38M-M4Gs
496,With Barb.,530,5/26/1980,1,47:21:00,B8FPgLTDv4k
497,With Barb.,531,5/26/1980,2,18:42:00,1i5dNIe2JAU
648,With Barb.,532,5/26/1980,3,28:28:00,AuL-_O8KsZc
498,University of California& San Diego. Yamaha 140 piano.,533,5/27/1980,1,11:46:00,lEyELBhjmwU
499,University of California& San Diego. Yamaha 140 piano.,534,5/27/1980,2,35:20:00,RVuW2nKd-j8
500,University of California& San Diego. Yamaha 140 piano.,535,5/27/1980,3,22:15:00,6fUAkX0ZEtM
501,University of California& San Diego. Yamaha 140 piano.,536,5/29/1980,1,17:59:00,V5vMRaw3vro
502,University of California& San Diego. Yamaha 140 piano.,537,5/29/1980,2,18:19:00,Ah3SauFBnJY
649,University of California& San Diego. Yamaha 140 piano.,538,5/29/1980,3,4:23:00,k1b1QjpzYGk
650,University of California& San Diego. Yamaha 140 piano.,539,5/29/1980,4,0:54:00,XxjuQuCKpmI
651,University of California& San Diego. Yamaha 140 piano.,540,5/29/1980,5,3:29:00,wzzGskNw7WI
503,University of California& San Diego. Yamaha 140 piano.,541,5/30/1980,1,7:45:00,1wn0ughDOEE
652,University of California& San Diego. Yamaha 140 piano.,542,5/30/1980,2,1:19:00,LETUsuNUvE0
653,University of California& San Diego. Yamaha 140 piano.,543,5/30/1980,3,0:35:00,km4dBrKrBXI
654,University of California& San Diego. Yamaha 140 piano.,544,5/30/1980,4,1:10:00,Mz5p_GobOhM
504,University of California& San Diego. Vorsetzer piano.,545,5/30/1980,5,42:25:00,JF7gHp8D6YQ
505,University of California& San Diego. Yamaha 140 piano.,546,5/30/1980,6,0:53:00,gMEt90syXwY
506,University of California& San Diego. Yamaha 132 piano.,547,6/10/1980,1,17:54:00,BNllonwtkSE
507,University of California& San Diego. Yamaha 132 piano.,548,6/10/1980,2,29:37:00,WyIrK1K3UTw
508,University of California& San Diego. Yamaha 132 piano.,549,6/11/1980,1,11:58:00,nSJG87ZoBr4
509,University of California& San Diego. Yamaha 132 piano.,550,6/11/1980,2,9:45:00,uhEeN7_Kyro
510,University of California& San Diego. Yamaha 132 piano.,551,6/11/1980,3,25:44:00,qPFu8qngRhc
513,University of California& San Diego. Yamaha 136 piano.,552,6/11/1980,4,15:22:00,zcgRct7FPAw
514,University of California& San Diego. Yamaha 136 piano.,553,6/11/1980,5,31:57:00,8UnY5fbx4B0
511,University of California& San Diego.,554,6/12/1980,1,10:45:00,uuIJkt8grh8
512,University of California& San Diego.,555,6/12/1980,2,36:39:00,WfRmFOo_JaY
515,University of California& San Diego. Yamaha 133 piano.,556,6/15/1980,,22:50:00,0wpF2cFCfco
517,Los Angeles Institute of Contemporary Art& California. Lester Spinet piano.,557,6/20/1980,1,42:21:00,NOE2KGAVyzY
518,Los Angeles Institute of Contemporary Art& California. Lester Spinet piano.,558,6/21/1980,2,47:16:00,712tDo7ztXo
519,Los Angeles Institute of Contemporary Art& California. Lester Spinet piano.,559,6/22/1980,1,10:13:00,HsmAyoP2_7Y
521,Los Angeles Institute of Contemporary Art& California. Lester Spinet piano.,560,6/22/1980,2,47:14:00,XoY62wcoNC4
522,Los Angeles Institute of Contemporary Art& California. Lester Spinet piano.,561,6/22/1980,3,2:26:00,Gf2Uc0w_UBQ
655,Los Angeles Institute of Contemporary Art& California. Lester Spinet piano.,562,6/22/1980,4,23:44:00,NovmO4Gltrk
656,Los Angeles Institute of Contemporary Art& California. Lester Spinet piano.,563,6/22/1980,5,13:04:00,5nm7UzD3AT8
523,Barb's house. Fischer piano.,564,10/20/1980,,29:04:00,nUUvpwhGR4I
524,Barb's house. Fischer piano.,565,1980-10-21& 1980-10-22& 1980-10-23,1,18:21:00,VMrS284EnB4
525,University at Buffalo& New York. Weber piano.,566,1980-10-21& 1980-10-22& 1980-10-23,2,12:28:00,7viJw90xRC0
526,University at Buffalo& New York. Weber piano.,567,1980-10-21& 1980-10-22& 1980-10-23,3,33:10:00,fEyyk8J6SdE
657,University at Buffalo& New York. Weber piano.,568,1980-10-21& 1980-10-22& 1980-10-23,4,14:01:00,gjeBWzlGeEs
542,University at Buffalo& New York. Weber piano.,569,1980-10-25& 1980-10-26& 1980-10-27,1,5:05:00,pFuP_2B7DRQ
660,University at Buffalo& New York. Weber piano.,570,1980-10-25& 1980-10-26& 1980-10-27,2,33:46:00,-S4xIcbHG_Y
527,University at Buffalo& New York. Weber piano.,571,1981-02-28& 1981-04-02,1,12:08:00,fnaHf2OYC64
528,University at Buffalo& New York. Weber piano.,572,1981-02-28& 1981-04-02,2,35:02:00,dXilNfOFVHc
530,University at Buffalo& New York. Weber piano.,573,3/27/1981,,14:47:00,LEDcFXvf_fc
532,University at Buffalo& New York. Weber piano.,574,5/14/1981,,12:28:00,igAA7wXAf78
533,University at Buffalo& New York. Weber piano.,575,6/28/1981,1,31:03:00,NSH38N7Q5wY
534,University at Buffalo& New York. Weber piano.,576,6/28/1981,2,18:46:00,SbEpd6L0P3A
535,Fischer piano.,577,1/4/1982,1,2:58:00,B_50f_O6hhw
658,Fischer piano.,578,1/4/1982,2,43:28:00,zoYFCQhVpzA
536,Fischer piano.,579,1/4/1982,3,25:17:00,ECJpRRfOPAg
659,Fischer piano.,580,1/4/1982,4,16:16:00,PW9ormAVxWk
537,Fischer piano.,581,1/4/1982,5,4:11:00,DtsrDwWOZ-E
538,Rob's electric piano.,582,1982-06-Unknown,1,47:22:00,Ipz04l6EJCk
539,Rob's electric piano.,583,1982-06-Unknown,2,47:22:00,--hDxIMgSpU
540,University at Buffalo& New York. Weber piano.,584,10/20/1982,1,9:28:00,OUOgZ8wi_E4
541,University at Buffalo& New York. Weber piano.,585,10/20/1982,2,29:05:00,HFR_skPNYtA
543,University at Buffalo& New York. Weber piano.,586,1982-11-13& 1982-12-21,1,43:29:00,tMm-BTea1ms
544,University at Buffalo& New York. Weber piano.,587,1982-11-13& 1982-12-21,2,15:19:00,byfi-LH4rgo
662,University at Buffalo& New York. Weber piano.,588,1982-11-13& 1982-12-21,3,2:19:00,BzwcOXBgIfA
661,University at Buffalo& New York. Weber piano.,589,1982-11-13& 1982-12-21,4,3:26:00,uPeU9rEJwJE
153,,590,Unknown 1,1,38:32:00,JPGMRkqPJu0
154,,591,Unknown 1,2,23:37:00,KuZwFgX2jBs
155,,592,Unknown 1,3,21:25:00,2BRBodQMdPQ
548,,593,Unknown 2,,30:46:00,y7oMlqxxHwY
549,,594,Unknown 3,1,30:37:00,Sz-AnzStnDI
550,,595,Unknown 3,2,20:37:00,c_3GJUS0T3A
MATMOTW,NOTES,real_ID,DATE,MATMOTW_PART,TIMECODE_ELAPSED,youtube id